epoch,time,train/loss,metrics/accuracy_top1,metrics/accuracy_top5,val/loss,lr/pg0,lr/pg1,lr/pg2,lr/pg3,lr/pg4,lr/pg5,lr/pg6,lr/pg7
1,37.846,0.78204,0.83805,1,0.46037,0.00594643,0.00198214,0.00594643,0.00198214,0.00594643,0.00198214,0.00594643,0.00198214
2,71.2458,0.34879,0.88585,1,0.24218,0.0118282,0.00394272,0.0118282,0.00394272,0.0118282,0.00394272,0.0118282,0.00394272
3,106.371,0.2226,0.89561,1,0.23123,0.0175911,0.0058637,0.0175911,0.0058637,0.0175911,0.0058637,0.0175911,0.0058637
4,141.332,0.17735,0.92878,1,0.15071,0.0232352,0.00774507,0.0232352,0.00774507,0.0232352,0.00774507,0.0232352,0.00774507
5,176.397,0.16213,0.8761,1,0.33251,0.0287605,0.00958685,0.0287605,0.00958685,0.0287605,0.00958685,0.0287605,0.00958685
6,211.51,0.16645,0.90927,1,0.22934,0.028515,0.009505,0.028515,0.009505,0.028515,0.009505,0.028515,0.009505
7,246.178,0.15005,0.89073,1,0.61631,0.028218,0.009406,0.028218,0.009406,0.028218,0.009406,0.028218,0.009406
8,280.833,0.15255,0.91024,1,0.22321,0.027921,0.009307,0.027921,0.009307,0.027921,0.009307,0.027921,0.009307
9,316.196,0.12855,0.91805,1,0.19493,0.027624,0.009208,0.027624,0.009208,0.027624,0.009208,0.027624,0.009208
10,350.736,0.1185,0.93268,1,0.13988,0.027327,0.009109,0.027327,0.009109,0.027327,0.009109,0.027327,0.009109
11,385.34,0.11307,0.88976,1,0.30006,0.02703,0.00901,0.02703,0.00901,0.02703,0.00901,0.02703,0.00901
12,419.736,0.10469,0.92293,1,0.22237,0.026733,0.008911,0.026733,0.008911,0.026733,0.008911,0.026733,0.008911
13,454.103,0.09648,0.93951,1,0.43173,0.026436,0.008812,0.026436,0.008812,0.026436,0.008812,0.026436,0.008812
14,488.196,0.08954,0.9122,1,0.22866,0.026139,0.008713,0.026139,0.008713,0.026139,0.008713,0.026139,0.008713
15,521.299,0.10101,0.95024,1,0.16194,0.025842,0.008614,0.025842,0.008614,0.025842,0.008614,0.025842,0.008614
16,555.457,0.08775,0.93366,1,0.3598,0.025545,0.008515,0.025545,0.008515,0.025545,0.008515,0.025545,0.008515
17,589.46,0.09071,0.93366,1,0.25024,0.025248,0.008416,0.025248,0.008416,0.025248,0.008416,0.025248,0.008416
18,623.636,0.08537,0.94146,1,0.13686,0.024951,0.008317,0.024951,0.008317,0.024951,0.008317,0.024951,0.008317
19,657.803,0.07262,0.94439,1,0.15732,0.024654,0.008218,0.024654,0.008218,0.024654,0.008218,0.024654,0.008218
20,691.301,0.07445,0.95317,1,0.16349,0.024357,0.008119,0.024357,0.008119,0.024357,0.008119,0.024357,0.008119
21,725.699,0.07417,0.93463,1,0.21781,0.02406,0.00802,0.02406,0.00802,0.02406,0.00802,0.02406,0.00802
22,759.882,0.07469,0.9522,1,0.13928,0.023763,0.007921,0.023763,0.007921,0.023763,0.007921,0.023763,0.007921
23,795.387,0.07145,0.94146,1,0.19834,0.023466,0.007822,0.023466,0.007822,0.023466,0.007822,0.023466,0.007822
24,830.323,0.06676,0.94244,1,0.16203,0.023169,0.007723,0.023169,0.007723,0.023169,0.007723,0.023169,0.007723
25,865.18,0.06227,0.94049,1,0.17414,0.022872,0.007624,0.022872,0.007624,0.022872,0.007624,0.022872,0.007624
26,899.775,0.07032,0.92488,1,0.25742,0.022575,0.007525,0.022575,0.007525,0.022575,0.007525,0.022575,0.007525
27,934.521,0.07245,0.94634,1,0.17114,0.022278,0.007426,0.022278,0.007426,0.022278,0.007426,0.022278,0.007426
28,970.375,0.06162,0.93854,1,0.21653,0.021981,0.007327,0.021981,0.007327,0.021981,0.007327,0.021981,0.007327
29,1004.66,0.06435,0.94439,1,0.26746,0.021684,0.007228,0.021684,0.007228,0.021684,0.007228,0.021684,0.007228
30,1039.07,0.07162,0.94146,1,0.18302,0.021387,0.007129,0.021387,0.007129,0.021387,0.007129,0.021387,0.007129
31,1074.15,0.05717,0.91805,1,0.29205,0.02109,0.00703,0.02109,0.00703,0.02109,0.00703,0.02109,0.00703
32,1110.93,0.0577,0.93659,1,0.19037,0.020793,0.006931,0.020793,0.006931,0.020793,0.006931,0.020793,0.006931
33,1146.6,0.05767,0.92585,1,0.22958,0.020496,0.006832,0.020496,0.006832,0.020496,0.006832,0.020496,0.006832
34,1181.28,0.0601,0.92,1,0.25716,0.020199,0.006733,0.020199,0.006733,0.020199,0.006733,0.020199,0.006733
35,1216.82,0.05761,0.94049,1,0.18591,0.019902,0.006634,0.019902,0.006634,0.019902,0.006634,0.019902,0.006634
36,1252.07,0.06419,0.9522,1,0.14294,0.019605,0.006535,0.019605,0.006535,0.019605,0.006535,0.019605,0.006535
37,1286.7,0.0519,0.93561,1,0.21215,0.019308,0.006436,0.019308,0.006436,0.019308,0.006436,0.019308,0.006436
38,1321.71,0.05397,0.95415,1,0.14031,0.019011,0.006337,0.019011,0.006337,0.019011,0.006337,0.019011,0.006337
39,1356.57,0.041,0.96195,1,0.13725,0.018714,0.006238,0.018714,0.006238,0.018714,0.006238,0.018714,0.006238
40,1392.35,0.05589,0.96098,1,0.13441,0.018417,0.006139,0.018417,0.006139,0.018417,0.006139,0.018417,0.006139
41,1427.4,0.04581,0.94732,1,0.16317,0.01812,0.00604,0.01812,0.00604,0.01812,0.00604,0.01812,0.00604
42,1462.22,0.04552,0.94439,1,0.20626,0.017823,0.005941,0.017823,0.005941,0.017823,0.005941,0.017823,0.005941
43,1497.74,0.03164,0.94049,1,0.20031,0.017526,0.005842,0.017526,0.005842,0.017526,0.005842,0.017526,0.005842
44,1532.67,0.0445,0.92976,1,0.2622,0.017229,0.005743,0.017229,0.005743,0.017229,0.005743,0.017229,0.005743
45,1567.58,0.03972,0.9522,1,0.16726,0.016932,0.005644,0.016932,0.005644,0.016932,0.005644,0.016932,0.005644
46,1603.62,0.04439,0.93463,1,0.2336,0.016635,0.005545,0.016635,0.005545,0.016635,0.005545,0.016635,0.005545
47,1639.36,0.04109,0.94927,1,0.20311,0.016338,0.005446,0.016338,0.005446,0.016338,0.005446,0.016338,0.005446
48,1674.6,0.03353,0.94146,1,0.2633,0.016041,0.005347,0.016041,0.005347,0.016041,0.005347,0.016041,0.005347
49,1710.53,0.04134,0.95122,1,0.17126,0.015744,0.005248,0.015744,0.005248,0.015744,0.005248,0.015744,0.005248
50,1745.63,0.03545,0.95415,1,0.19253,0.015447,0.005149,0.015447,0.005149,0.015447,0.005149,0.015447,0.005149
51,1780.79,0.03635,0.9561,1,0.20284,0.01515,0.00505,0.01515,0.00505,0.01515,0.00505,0.01515,0.00505
52,1815.86,0.03792,0.95122,1,0.18028,0.014853,0.004951,0.014853,0.004951,0.014853,0.004951,0.014853,0.004951
53,1852.45,0.03532,0.95707,1,0.1704,0.014556,0.004852,0.014556,0.004852,0.014556,0.004852,0.014556,0.004852
54,1887.42,0.03441,0.95707,1,0.15328,0.014259,0.004753,0.014259,0.004753,0.014259,0.004753,0.014259,0.004753
55,1922.91,0.03025,0.95415,1,0.15251,0.013962,0.004654,0.013962,0.004654,0.013962,0.004654,0.013962,0.004654
56,1958.32,0.03093,0.94927,1,0.18679,0.013665,0.004555,0.013665,0.004555,0.013665,0.004555,0.013665,0.004555
57,1992.52,0.02709,0.96195,1,0.13881,0.013368,0.004456,0.013368,0.004456,0.013368,0.004456,0.013368,0.004456
58,2027.07,0.02903,0.96195,1,0.15403,0.013071,0.004357,0.013071,0.004357,0.013071,0.004357,0.013071,0.004357
59,2061.47,0.02385,0.96098,1,0.19428,0.012774,0.004258,0.012774,0.004258,0.012774,0.004258,0.012774,0.004258
