image_id,filename,kpa_raw,kpa_bin,soil_type,land_type,crop,growth_stage,rain_date,rain_time,capture_date,capture_time,location,series_id,series_size,file_size
P0001,P0001_8Kpa.jpg,8.0,0-10,Doash,High,Turmeric,Mature,29/05/2026,16:00:00,,,,S0001,1,261969
P0002,P0002_11Kpa.jpg,11.0,10-20,Doash,High,Lechee,Mature,29/05/2026,16:00:00,,,,S0002,2,254750
P0003,P0003_11Kpa.jpg,11.0,10-20,Doash,High,Mango,Mature,29/05/2026,16:00:00,,,,S0002,2,202689
P0004,P0004_15.25Kpa.jpg,15.25,10-20,Doash,High,Betel_Nut,Mature,29/05/2026,16:00:00,,,,S0003,2,182863
P0005,P0005_15.25Kpa.jpg,15.25,10-20,Doash,High,Betel_Nut,Mature,29/05/2026,16:00:00,,,,S0003,2,182863
P0006,P0006_20Kpa.jpg,20.0,20-22,Doash,High,Betel_Nut,Mature,29/05/2026,16:00:00,,,,S0004,1,243466
P0007,P0007_15.25Kpa.jpg,15.25,10-20,Doash,High,Betel_Nut,Mature,29/05/2026,16:00:00,,,,S0005,6,263520
P0008,P0008_15.25Kpa.jpg,15.25,10-20,Doash,High,Betel_Nut,Mature,29/05/2026,16:00:00,,,,S0005,6,181900
P0009,P0009_15.25Kpa.jpg,15.25,10-20,Doash,High,Betel_Nut,Mature,29/05/2026,16:00:00,,,,S0005,6,217432
P0010,P0010_15.25Kpa.jpg,15.25,10-20,Doash,High,Betel_Nut,Mature,29/05/2026,16:00:00,,,,S0005,6,216614
P0011,P0011_15.25Kpa.jpg,15.25,10-20,Doash,High,Betel_Nut,Mature,29/05/2026,16:00:00,,,,S0005,6,250791
P0012,P0012_15.25Kpa.jpg,15.25,10-20,Doash,High,Betel_Nut,Mature,29/05/2026,16:00:00,,,,S0005,6,259732
P0013,P0013_20Kpa.jpg,20.0,20-22,Bele,High,Mango,Mature,29/05/2026,16:00:00,,,,S0006,1,281876
P0014,P0014_17.15Kpa.jpg,17.15,10-20,Bele,High,Mango,Mature,29/05/2026,16:00:00,,,,S0007,1,180836
P0015,P0015_20.15Kpa.jpg,20.15,20-22,Bele,High,Mango,Mature,29/05/2026,16:00:00,,,,S0008,13,199605
P0016,P0016_20.15Kpa.jpg,20.15,20-22,Bele,High,Mango,Mature,29/05/2026,16:00:00,,,,S0008,13,235803
P0017,P0017_20.15Kpa.jpg,20.15,20-22,Bele,High,Mango,Mature,29/05/2026,16:00:00,,,,S0008,13,190026
P0018,P0018_20.15Kpa.jpg,20.15,20-22,Bele,High,Mango,Mature,29/05/2026,16:00:00,,,,S0008,13,240848
P0019,P0019_20.15Kpa.jpg,20.15,20-22,Bele,High,Mango,Mature,29/05/2026,16:00:00,,,,S0008,13,188362
P0020,P0020_20Kpa.jpg,20.0,20-22,Bele,High,Mango,Mature,29/05/2026,16:00:00,,,,S0008,13,236690
P0021,P0021_20.15Kpa.jpg,20.15,20-22,Bele,High,Mango,Mature,29/05/2026,16:00:00,,,,S0008,13,259134
P0022,P0022_20.15Kpa.jpg,20.15,20-22,Bele,High,Mango,Mature,29/05/2026,16:00:00,,,,S0008,13,240460
P0023,P0023_20.15Kpa.jpg,20.15,20-22,Bele,High,Mango,Mature,29/05/2026,16:00:00,,,,S0008,13,207718
P0024,P0024_20.15Kpa.jpg,20.15,20-22,Bele,High,Mango,Mature,29/05/2026,16:00:00,,,,S0008,13,247235
P0025,P0025_20.15Kpa.jpg,20.15,20-22,Bele,High,Mango,Mature,29/05/2026,16:00:00,,,,S0008,13,264282
P0026,P0026_20.25Kpa.jpg,20.25,20-22,Bele,High,Mango,Mature,29/05/2026,16:00:00,,,,S0008,13,259954
P0027,P0027_19.95Kpa.jpg,19.95,10-20,Bele,High,Mango,Mature,29/05/2026,16:00:00,,,,S0008,13,213737
P0028,P0028_15.25Kpa.jpg,15.25,10-20,Bele,High,Mango,Mature,29/05/2026,16:00:00,,,,S0009,18,162067
P0029,P0029_15.15Kpa.jpg,15.15,10-20,Bele,High,Mango,Mature,29/05/2026,16:00:00,,,,S0009,18,228669
P0030,P0030_15.15Kpa.jpg,15.15,10-20,Doash,High,Lechee,Mature,29/05/2026,16:00:00,,,,S0009,18,206417
P0031,P0031_15.15Kpa.jpg,15.15,10-20,Doash,High,Lechee,Mature,29/05/2026,16:00:00,,,,S0009,18,212945
P0032,P0032_15.25Kpa.jpg,15.25,10-20,Doash,High,Lechee,Mature,29/05/2026,16:00:00,,,,S0009,18,189969
P0033,P0033_15.25Kpa.jpg,15.25,10-20,Doash,High,Lechee,Mature,29/05/2026,16:00:00,,,,S0009,18,123269
P0034,P0034_15.20Kpa.jpg,15.2,10-20,Doash,High,Lechee,Mature,29/05/2026,16:00:00,,,,S0009,18,194925
P0035,P0035_15.25Kpa.jpg,15.25,10-20,Doash,High,Lechee,Mature,29/05/2026,16:00:00,,,,S0009,18,193477
P0036,P0036_15.15Kpa.jpg,15.15,10-20,Doash,High,Lechee,Mature,29/05/2026,16:00:00,,,,S0009,18,194821
P0037,P0037_15.15Kpa.jpg,15.15,10-20,Doash,High,Lechee,Mature,29/05/2026,16:00:00,,,,S0009,18,196739
P0038,P0038_15.15Kpa.jpg,15.15,10-20,Doash,High,Lechee,Mature,29/05/2026,16:00:00,,,,S0009,18,194364
P0039,P0039_15.15Kpa.jpg,15.15,10-20,Doash,High,Lechee,Mature,29/05/2026,16:00:00,,,,S0009,18,195556
P0040,P0040_15.15Kpa.jpg,15.15,10-20,Doash,High,Lechee,Mature,29/05/2026,16:00:00,,,,S0009,18,190403
P0041,P0041_15.15Kpa.jpg,15.15,10-20,Doash,High,Lechee,Mature,29/05/2026,16:00:00,,,,S0009,18,186765
P0042,P0042_15.15Kpa.jpg,15.15,10-20,Doash,High,Lechee,Mature,29/05/2026,16:00:00,,,,S0009,18,124498
P0043,P0043_15.15Kpa.jpg,15.15,10-20,Doash,High,Lechee,Mature,29/05/2026,16:00:00,,,,S0009,18,137470
P0044,P0044_15.15Kpa.jpg,15.15,10-20,Doash,High,Lechee,Mature,29/05/2026,16:00:00,,,,S0009,18,161040
P0045,P0045_15.15Kpa.jpg,15.15,10-20,Doash,High,Lechee,Mature,29/05/2026,16:00:00,,,,S0009,18,149012
P0046,P0046_9.85Kpa.jpg,9.85,0-10,Doash,High,Lechee,Mature,29/05/2026,16:00:00,,,,S0010,13,237838
P0047,P0047_9.85Kpa.jpg,9.85,0-10,Bele,High,Maize,Mature,29/05/2026,16:00:00,,,,S0010,13,254049
P0048,P0048_9.85Kpa.jpg,9.85,0-10,Bele,High,Maize,Mature,29/05/2026,16:00:00,,,,S0010,13,195711
P0049,P0049_9.85Kpa.jpg,9.85,0-10,Bele,High,Maize,Mature,29/05/2026,16:00:00,,,,S0010,13,124174
P0050,P0050_9.85Kpa.jpg,9.85,0-10,Bele,High,Maize,Mature,29/05/2026,16:00:00,,,,S0010,13,103493
P0051,P0051_9.85Kpa.jpg,9.85,0-10,Bele,High,Maize,Mature,29/05/2026,16:00:00,,,,S0010,13,100102
P0052,P0052_9.85Kpa.jpg,9.85,0-10,Bele,High,Maize,Mature,29/05/2026,16:00:00,,,,S0010,13,99326
P0053,P0053_9.85Kpa.jpg,9.85,0-10,Bele,High,Maize,Mature,29/05/2026,16:00:00,,,,S0010,13,167409
P0054,P0054_9.85Kpa.jpg,9.85,0-10,Bele,High,Maize,Mature,29/05/2026,16:00:00,,,,S0010,13,164696
P0055,P0055_9.85Kpa.jpg,9.85,0-10,Bele,High,Maize,Mature,29/05/2026,16:00:00,,,,S0010,13,158805
P0056,P0056_9.85Kpa.jpg,9.85,0-10,Bele,High,Maize,Mature,29/05/2026,16:00:00,,,,S0010,13,142172
P0057,P0057_9.85Kpa.jpg,9.85,0-10,Bele,High,Maize,Mature,29/05/2026,16:00:00,,,,S0010,13,73205
P0058,P0058_9.85Kpa.jpg,9.85,0-10,Bele,High,Maize,Mature,29/05/2026,16:00:00,,,,S0010,13,66959
P0059,P0059_15.25Kpa.jpg,15.25,10-20,Bele,High,Maize,Mature,29/05/2026,16:00:00,,,,S0011,1,173825
P0060,P0060_19.85Kpa.jpg,19.85,10-20,Doash,High,Betel_Nut,Mature,29/05/2026,16:00:00,,,,S0012,2,250296
P0061,P0061_20.15Kpa.jpg,20.15,20-22,Doash,High,Betel_Nut,Mature,29/05/2026,16:00:00,,,,S0012,2,269511
P0062,P0062_15.25Kpa.jpg,15.25,10-20,Bele,High,Mango,Mature,29/05/2026,16:00:00,,,,S0013,1,182704
P0063,P0063_9.85Kpa.jpg,9.85,0-10,Doash,High,Lechee,Mature,29/05/2026,16:00:00,,,,S0014,1,163352
P0064,P0064_0Kpa.jpg,0.0,0-10,Bele,High,Maize,Mature,29/05/2026,16:00:00,,,,S0015,47,309045
P0065,P0065_0Kpa.jpg,0.0,0-10,Poli,Low,Rich,Post-Harvest,29/05/2026,16:00:00,,,,S0015,47,266275
P0066,P0066_0Kpa.jpg,0.0,0-10,Poli,Low,Rich,Post-Harvest,29/05/2026,16:00:00,,,,S0015,47,188905
P0067,P0067_0Kpa.jpg,0.0,0-10,Poli,Low,Rich,Post-Harvest,29/05/2026,16:00:00,,,,S0015,47,200212
P0068,P0068_0Kpa.jpg,0.0,0-10,Poli,Low,Rich,Post-Harvest,29/05/2026,16:00:00,,,,S0015,47,129946
P0069,P0069_0Kpa.jpg,0.0,0-10,Poli,Low,Rich,Post-Harvest,29/05/2026,16:00:00,,,,S0015,47,282162
P0070,P0070_0Kpa.jpg,0.0,0-10,Poli,Low,Rich,Post-Harvest,29/05/2026,16:00:00,,,,S0015,47,179302
P0071,P0071_0Kpa.jpg,0.0,0-10,Poli,Low,Rich,Post-Harvest,29/05/2026,16:00:00,,,,S0015,47,220858
P0072,P0072_0Kpa.jpg,0.0,0-10,Poli,Low,Rich,Post-Harvest,29/05/2026,16:00:00,,,,S0015,47,329880
P0073,P0073_0Kpa.jpg,0.0,0-10,Poli,Low,Rich,Post-Harvest,29/05/2026,16:00:00,,,,S0015,47,330879
P0074,P0074_0Kpa.jpg,0.0,0-10,Poli,Low,Rich,Post-Harvest,29/05/2026,16:00:00,,,,S0015,47,337357
P0075,P0075_0Kpa.jpg,0.0,0-10,Poli,Low,Rich,Post-Harvest,29/05/2026,16:00:00,,,,S0015,47,344900
P0076,P0076_0Kpa.jpg,0.0,0-10,Poli,Low,Rich,Post-Harvest,29/05/2026,16:00:00,,,,S0015,47,220687
P0077,P0077_0Kpa.jpg,0.0,0-10,Poli,Low,Rich,Post-Harvest,29/05/2026,16:00:00,,,,S0015,47,189525
P0078,P0078_0Kpa.jpg,0.0,0-10,Poli,Low,Rich,Post-Harvest,29/05/2026,16:00:00,,,,S0015,47,215090
P0079,P0079_0Kpa.jpg,0.0,0-10,Poli,Low,Rich,Post-Harvest,29/05/2026,16:00:00,,,,S0015,47,279156
P0080,P0080_0Kpa.jpg,0.0,0-10,Poli,Low,Rich,Post-Harvest,29/05/2026,16:00:00,,,,S0015,47,195503
P0081,P0081_0Kpa.jpg,0.0,0-10,Poli,Low,Rich,Post-Harvest,29/05/2026,16:00:00,,,,S0015,47,267598
P0082,P0082_0Kpa.jpg,0.0,0-10,Poli,Low,Rich,Post-Harvest,29/05/2026,16:00:00,,,,S0015,47,266971
P0083,P0083_0Kpa.jpg,0.0,0-10,Poli,Low,Rich,Post-Harvest,29/05/2026,16:00:00,,,,S0015,47,334104
P0084,P0084_0Kpa.jpg,0.0,0-10,Poli,Low,Rich,Post-Harvest,29/05/2026,16:00:00,,,,S0015,47,284902
P0085,P0085_0Kpa.jpg,0.0,0-10,Poli,Low,Rich,Post-Harvest,29/05/2026,16:00:00,,,,S0015,47,286967
P0086,P0086_0Kpa.jpg,0.0,0-10,Poli,Low,Rich,Post-Harvest,29/05/2026,16:00:00,,,,S0015,47,316844
P0087,P0087_0Kpa.jpg,0.0,0-10,Poli,Low,Rich,Post-Harvest,29/05/2026,16:00:00,,,,S0015,47,363246
P0088,P0088_0Kpa.jpg,0.0,0-10,Poli,Low,Rich,Post-Harvest,29/05/2026,16:00:00,,,,S0015,47,351044
P0089,P0089_0Kpa.jpg,0.0,0-10,Poli,Low,Rich,Post-Harvest,29/05/2026,16:00:00,,,,S0015,47,332590
P0090,P0090_0Kpa.jpg,0.0,0-10,Poli,Low,Rich,Post-Harvest,29/05/2026,16:00:00,,,,S0015,47,333294
P0091,P0091_0Kpa.jpg,0.0,0-10,Poli,Low,Rich,Post-Harvest,29/05/2026,16:00:00,,,,S0015,47,326855
P0092,P0092_0Kpa.jpg,0.0,0-10,Poli,Low,Rich,Post-Harvest,29/05/2026,16:00:00,,,,S0015,47,324994
P0093,P0093_0Kpa.jpg,0.0,0-10,Poli,Low,Rich,Post-Harvest,29/05/2026,16:00:00,,,,S0015,47,288862
P0094,P0094_0Kpa.jpg,0.0,0-10,Poli,Low,Rich,Post-Harvest,29/05/2026,16:00:00,,,,S0015,47,319480
P0095,P0095_0Kpa.jpg,0.0,0-10,Poli,Low,Rich,Post-Harvest,29/05/2026,16:00:00,,,,S0015,47,311328
P0096,P0096_0Kpa.jpg,0.0,0-10,Poli,Low,Rich,Post-Harvest,29/05/2026,16:00:00,,,,S0015,47,374030
P0097,P0097_0Kpa.jpg,0.0,0-10,Poli,Low,Rich,Post-Harvest,29/05/2026,16:00:00,,,,S0015,47,379179
P0098,P0098_0Kpa.jpg,0.0,0-10,Poli,Low,Rich,Post-Harvest,29/05/2026,16:00:00,,,,S0015,47,369597
P0099,P0099_0Kpa.jpg,0.0,0-10,Poli,Low,Rich,Post-Harvest,29/05/2026,16:00:00,,,,S0015,47,247694
P0100,P0100_0Kpa.jpg,0.0,0-10,Poli,Low,Rich,Post-Harvest,29/05/2026,16:00:00,,,,S0015,47,265040
P0101,P0101_0Kpa.jpg,0.0,0-10,Poli,Low,Rich,Post-Harvest,29/05/2026,16:00:00,,,,S0015,47,367009
P0102,P0102_0Kpa.jpg,0.0,0-10,Poli,Low,Rich,Post-Harvest,29/05/2026,16:00:00,,,,S0015,47,318313
P0103,P0103_0Kpa.jpg,0.0,0-10,Poli,Low,Rich,Post-Harvest,29/05/2026,16:00:00,,,,S0015,47,327716
P0104,P0104_0Kpa.jpg,0.0,0-10,Poli,Low,Rich,Post-Harvest,29/05/2026,16:00:00,,,,S0015,47,361428
P0105,P0105_0Kpa.jpg,0.0,0-10,Poli,Low,Rich,Post-Harvest,29/05/2026,16:00:00,,,,S0015,47,332050
P0106,P0106_0Kpa.jpg,0.0,0-10,Poli,Low,Rich,Post-Harvest,29/05/2026,16:00:00,,,,S0015,47,327570
P0107,P0107_0Kpa.jpg,0.0,0-10,Poli,Low,Rich,Post-Harvest,29/05/2026,16:00:00,,,,S0015,47,330762
P0108,P0108_0Kpa.jpg,0.0,0-10,Poli,Low,Rich,Post-Harvest,29/05/2026,16:00:00,,,,S0015,47,341742
P0109,P0109_0Kpa.jpg,0.0,0-10,Poli,Low,Rich,Post-Harvest,29/05/2026,16:00:00,,,,S0015,47,342987
P0110,P0110_0Kpa.jpg,0.0,0-10,Poli,Low,Rich,Post-Harvest,29/05/2026,16:00:00,,,,S0015,47,361357
P0111,P0111_9.85Kpa.jpg,9.85,0-10,Poli,Low,Rich,Post-Harvest,29/05/2026,16:00:00,,,,S0016,56,403830
P0112,P0112_10.1Kpa.jpg,10.1,10-20,Poli,Low,Rich,Post-Harvest,29/05/2026,16:00:00,,,,S0016,56,391657
P0113,P0113_9.5Kpa.jpg,9.5,0-10,Doash,Medium,Jute,Seedling,29/05/2026,16:00:00,,,,S0016,56,413435
P0114,P0114_10Kpa.jpg,10.0,10-20,Doash,Medium,Jute,Seedling,29/05/2026,16:00:00,,,,S0016,56,419209
P0115,P0115_10Kpa.jpg,10.0,10-20,Doash,Medium,Jute,Seedling,29/05/2026,16:00:00,,,,S0016,56,393423
P0116,P0116_10Kpa.jpg,10.0,10-20,Doash,Medium,Jute,Seedling,29/05/2026,16:00:00,,,,S0016,56,414981
P0117,P0117_10Kpa.jpg,10.0,10-20,Doash,Medium,Jute,Seedling,29/05/2026,16:00:00,,,,S0016,56,332840
P0118,P0118_10Kpa.jpg,10.0,10-20,Doash,Medium,Jute,Seedling,29/05/2026,16:00:00,,,,S0016,56,412369
P0119,P0119_10Kpa.jpg,10.0,10-20,Doash,Medium,Jute,Seedling,29/05/2026,16:00:00,,,,S0016,56,413066
P0120,P0120_10Kpa.jpg,10.0,10-20,Doash,Medium,Jute,Seedling,29/05/2026,16:00:00,,,,S0016,56,401399
P0121,P0121_10Kpa.jpg,10.0,10-20,Doash,Medium,Jute,Seedling,29/05/2026,16:00:00,,,,S0016,56,399132
P0122,P0122_10Kpa.jpg,10.0,10-20,Doash,Medium,Jute,Seedling,29/05/2026,16:00:00,,,,S0016,56,403228
P0123,P0123_10Kpa.jpg,10.0,10-20,Doash,Medium,Jute,Seedling,29/05/2026,16:00:00,,,,S0016,56,419444
P0124,P0124_10Kpa.jpg,10.0,10-20,Doash,Medium,Jute,Seedling,29/05/2026,16:00:00,,,,S0016,56,419444
P0125,P0125_10Kpa.jpg,10.0,10-20,Doash,Medium,Jute,Seedling,29/05/2026,16:00:00,,,,S0016,56,246490
P0126,P0126_10Kpa.jpg,10.0,10-20,Doash,Medium,Jute,Seedling,29/05/2026,16:00:00,,,,S0016,56,216933
P0127,P0127_10Kpa.jpg,10.0,10-20,Doash,Medium,Jute,Seedling,29/05/2026,16:00:00,,,,S0016,56,279231
P0128,P0128_10Kpa.jpg,10.0,10-20,Doash,Medium,Jute,Seedling,29/05/2026,16:00:00,,,,S0016,56,240193
P0129,P0129_10Kpa.jpg,10.0,10-20,Doash,Medium,Jute,Seedling,29/05/2026,16:00:00,,,,S0016,56,311516
P0130,P0130_10Kpa.jpg,10.0,10-20,Doash,Medium,Jute,Seedling,29/05/2026,16:00:00,,,,S0016,56,332088
P0131,P0131_10Kpa.jpg,10.0,10-20,Doash,Medium,Jute,Seedling,29/05/2026,16:00:00,,,,S0016,56,408360
P0132,P0132_10Kpa.jpg,10.0,10-20,Doash,Medium,Jute,Seedling,29/05/2026,16:00:00,,,,S0016,56,367257
P0133,P0133_10Kpa.jpg,10.0,10-20,Doash,Medium,Jute,Seedling,29/05/2026,16:00:00,,,,S0016,56,398242
P0134,P0134_10Kpa.jpg,10.0,10-20,Doash,Medium,Jute,Seedling,29/05/2026,16:00:00,,,,S0016,56,165951
P0135,P0135_10Kpa.jpg,10.0,10-20,Doash,Medium,Jute,Seedling,29/05/2026,16:00:00,,,,S0016,56,214666
P0136,P0136_10Kpa.jpg,10.0,10-20,Doash,Medium,Jute,Mature,29/05/2026,16:00:00,,,,S0016,56,258920
P0137,P0137_10Kpa.jpg,10.0,10-20,Doash,Medium,Jute,Mature,29/05/2026,16:00:00,,,,S0016,56,191538
P0138,P0138_10Kpa.jpg,10.0,10-20,Doash,Medium,Jute,Mature,29/05/2026,16:00:00,,,,S0016,56,235762
P0139,P0139_10Kpa.jpg,10.0,10-20,Doash,Medium,Jute,Mature,29/05/2026,16:00:00,,,,S0016,56,244715
P0140,P0140_10Kpa.jpg,10.0,10-20,Doash,Medium,Jute,Mature,29/05/2026,16:00:00,,,,S0016,56,364537
P0141,P0141_10Kpa.jpg,10.0,10-20,Doash,Medium,Jute,Mature,29/05/2026,16:00:00,,,,S0016,56,358794
P0142,P0142_10Kpa.jpg,10.0,10-20,Atel_Doash,Medium,Jute,Seedling,29/05/2026,16:00:00,,,,S0016,56,358794
P0143,P0143_10Kpa.jpg,10.0,10-20,Atel_Doash,Medium,Jute,Seedling,29/05/2026,16:00:00,,,,S0016,56,185382
P0144,P0144_10Kpa.jpg,10.0,10-20,Atel_Doash,Medium,Jute,Seedling,29/05/2026,16:00:00,,,,S0016,56,297287
P0145,P0145_10Kpa.jpg,10.0,10-20,Atel_Doash,Medium,Jute,Seedling,29/05/2026,16:00:00,,,,S0016,56,182550
P0146,P0146_10Kpa.jpg,10.0,10-20,Atel_Doash,Medium,Jute,Seedling,29/05/2026,16:00:00,,,,S0016,56,160824
P0147,P0147_10Kpa.jpg,10.0,10-20,Atel_Doash,Medium,Jute,Seedling,29/05/2026,16:00:00,,,,S0016,56,237313
P0148,P0148_10Kpa.jpg,10.0,10-20,Atel_Doash,Medium,Jute,Seedling,29/05/2026,16:00:00,,,,S0016,56,232601
P0149,P0149_10Kpa.jpg,10.0,10-20,Atel_Doash,Medium,Jute,Seedling,29/05/2026,16:00:00,,,,S0016,56,244516
P0150,P0150_10Kpa.jpg,10.0,10-20,Atel_Doash,Medium,Jute,Seedling,29/05/2026,16:00:00,,,,S0016,56,244516
P0151,P0151_10Kpa.jpg,10.0,10-20,Atel_Doash,Medium,Jute,Seedling,29/05/2026,16:00:00,,,,S0016,56,244132
P0152,P0152_10Kpa.jpg,10.0,10-20,Atel_Doash,Medium,Jute,Seedling,29/05/2026,16:00:00,,,,S0016,56,233719
P0153,P0153_10Kpa.jpg,10.0,10-20,Atel_Doash,Medium,Jute,Seedling,29/05/2026,16:00:00,,,,S0016,56,244893
P0154,P0154_10Kpa.jpg,10.0,10-20,Atel_Doash,Medium,Jute,Seedling,29/05/2026,16:00:00,,,,S0016,56,182108
P0155,P0155_10Kpa.jpg,10.0,10-20,Atel_Doash,Medium,Jute,Seedling,29/05/2026,16:00:00,,,,S0016,56,238233
P0156,P0156_10Kpa.jpg,10.0,10-20,Atel_Doash,Medium,Jute,Seedling,29/05/2026,16:00:00,,,,S0016,56,272472
P0157,P0157_10Kpa.jpg,10.0,10-20,Atel_Doash,Medium,Jute,Seedling,29/05/2026,16:00:00,,,,S0016,56,267337
P0158,P0158_10Kpa.jpg,10.0,10-20,Atel_Doash,Medium,Jute,Seedling,29/05/2026,16:00:00,,,,S0016,56,234146
P0159,P0159_10Kpa.jpg,10.0,10-20,Atel_Doash,Medium,Jute,Seedling,29/05/2026,16:00:00,,,,S0016,56,281421
P0160,P0160_10Kpa.jpg,10.0,10-20,Atel_Doash,Medium,Jute,Seedling,29/05/2026,16:00:00,,,,S0016,56,342091
P0161,P0161_10Kpa.jpg,10.0,10-20,Atel_Doash,Medium,Jute,Seedling,29/05/2026,16:00:00,,,,S0016,56,352734
P0162,P0162_10Kpa.jpg,10.0,10-20,Atel_Doash,Medium,Jute,Seedling,29/05/2026,16:00:00,,,,S0016,56,364785
P0163,P0163_10Kpa.jpg,10.0,10-20,Atel_Doash,Medium,Jute,Seedling,29/05/2026,16:00:00,,,,S0016,56,297146
P0164,P0164_10Kpa.jpg,10.0,10-20,Atel_Doash,Medium,Jute,Seedling,29/05/2026,16:00:00,,,,S0016,56,311836
P0165,P0165_10Kpa.jpg,10.0,10-20,Atel_Doash,Medium,Jute,Seedling,29/05/2026,16:00:00,,,,S0016,56,311836
P0166,P0166_10Kpa.jpg,10.0,10-20,Atel_Doash,Medium,Jute,Seedling,29/05/2026,16:00:00,,,,S0016,56,300915
P0167,P0167_12Kpa.jpg,12.0,10-20,Atel_Doash,Medium,Jute,Seedling,29/05/2026,16:00:00,,,,S0017,30,367080
P0168,P0168_12Kpa.jpg,12.0,10-20,Atel_Doash,Medium,Jute,Seedling,29/05/2026,16:00:00,,,,S0017,30,333540
P0169,P0169_12.5Kpa.jpg,12.5,10-20,Atel_Doash,Medium,Jute,Seedling,29/05/2026,16:00:00,,,,S0017,30,286263
P0170,P0170_13Kpa.jpg,13.0,10-20,Atel_Doash,Medium,Jute,Seedling,29/05/2026,16:00:00,,,,S0017,30,255375
P0171,P0171_12.6Kpa.jpg,12.6,10-20,Atel_Doash,,Jute,,,,,,,S0017,30,262501
P0172,P0172_12.5Kpa.jpg,12.5,10-20,Atel_Doash,,No,,,,,,,S0017,30,283431
P0173,P0173_12.5Kpa.jpg,12.5,10-20,Atel_Doash,Medium,No,Land_Preparation,29/05/2026,16:00:00,,,,S0017,30,279046
P0174,P0174_12.5Kpa.jpg,12.5,10-20,Atel_Doash,Medium,No,Land_Preparation,29/05/2026,16:00:00,,,,S0017,30,329148
P0175,P0175_12.5Kpa.jpg,12.5,10-20,Atel_Doash,Medium,No,Land_Preparation,29/05/2026,16:00:00,,,,S0017,30,364831
P0176,P0176_12Kpa.jpg,12.0,10-20,Atel_Doash,Medium,No,Land_Preparation,29/05/2026,16:00:00,,,,S0017,30,385028
P0177,P0177_12Kpa.jpg,12.0,10-20,Atel_Doash,Medium,No,Land_Preparation,29/05/2026,16:00:00,,,,S0017,30,359189
P0178,P0178_12Kpa.jpg,12.0,10-20,Atel_Doash,Medium,No,Land_Preparation,29/05/2026,16:00:00,,,,S0017,30,356602
P0179,P0179_12Kpa.jpg,12.0,10-20,Atel_Doash,Medium,No,Land_Preparation,29/05/2026,16:00:00,,,,S0017,30,387410
P0180,P0180_12Kpa.jpg,12.0,10-20,Atel_Doash,Medium,No,Land_Preparation,29/05/2026,16:00:00,,,,S0017,30,387410
P0181,P0181_12Kpa.jpg,12.0,10-20,Atel_Doash,Medium,No,Land_Preparation,29/05/2026,16:00:00,,,,S0017,30,375992
P0182,P0182_12Kpa.jpg,12.0,10-20,Atel_Doash,Medium,No,Land_Preparation,29/05/2026,16:00:00,,,,S0017,30,363627
P0183,P0183_12Kpa.jpg,12.0,10-20,Atel_Doash,,No,,,,,,,S0017,30,309885
P0184,P0184_12.8Kpa.jpg,12.8,10-20,Atel_Doash,,No,,,,,,,S0017,30,345177
P0185,P0185_12.5Kpa.jpg,12.5,10-20,Atel_Doash,Medium,No,Land_Preparation,29/05/2026,16:00:00,,,,S0017,30,380333
P0186,P0186_12.6Kpa.jpg,12.6,10-20,Atel_Doash,Medium,No,Land_Preparation,29/05/2026,16:00:00,,,,S0017,30,343804
P0187,P0187_12Kpa.jpg,12.0,10-20,Atel_Doash,Medium,No,Land_Preparation,29/05/2026,16:00:00,,,,S0017,30,357636
P0188,P0188_12Kpa.jpg,12.0,10-20,Atel_Doash,Medium,No,Land_Preparation,29/05/2026,16:00:00,,,,S0017,30,361572
P0189,P0189_12Kpa.jpg,12.0,10-20,Atel_Doash,Medium,No,Land_Preparation,29/05/2026,16:00:00,,,,S0017,30,359329
P0190,P0190_12.8Kpa.jpg,12.8,10-20,Atel_Doash,Medium,No,Land_Preparation,29/05/2026,16:00:00,,,,S0017,30,168016
P0191,P0191_12Kpa.jpg,12.0,10-20,Atel_Doash,Medium,No,Land_Preparation,29/05/2026,16:00:00,,,,S0017,30,302061
P0192,P0192_12Kpa.jpg,12.0,10-20,Atel_Doash,Medium,No,Land_Preparation,29/05/2026,16:00:00,,,,S0017,30,213852
P0193,P0193_12.3Kpa.jpg,12.3,10-20,Atel_Doash,Medium,No,Land_Preparation,29/05/2026,16:00:00,,,,S0017,30,324431
P0194,P0194_12.2Kpa.jpg,12.2,10-20,Atel_Doash,Medium,No,Land_Preparation,29/05/2026,16:00:00,,,,S0017,30,324940
P0195,P0195_12Kpa.jpg,12.0,10-20,Atel_Doash,Medium,No,Land_Preparation,29/05/2026,16:00:00,,,,S0017,30,273968
P0196,P0196_12Kpa.jpg,12.0,10-20,Atel_Doash,Medium,No,Land_Preparation,29/05/2026,16:00:00,,,,S0017,30,337047
P0197,P0197_17Kpa.jpg,17.0,10-20,Atel_Doash,Medium,No,Land_Preparation,29/05/2026,16:00:00,,,,S0018,31,309909
P0198,P0198_17Kpa.jpg,17.0,10-20,Atel_Doash,Medium,No,Land_Preparation,29/05/2026,16:00:00,,,,S0018,31,235873
P0199,P0199_17Kpa.jpg,17.0,10-20,Atel_Doash,Medium,No,Land_Preparation,29/05/2026,16:00:00,,,,S0018,31,289916
P0200,P0200_17Kpa.jpg,17.0,10-20,Atel,Medium,Lemon,Fruiting,29/05/2026,16:00:00,,,,S0018,31,223308
P0201,P0201_17Kpa.jpg,17.0,10-20,Atel,Medium,Lemon,Fruiting,29/05/2026,16:00:00,,,,S0018,31,187820
P0202,P0202_17Kpa.jpg,17.0,10-20,Atel,Medium,Lemon,Fruiting,29/05/2026,16:00:00,,,,S0018,31,156509
P0203,P0203_17Kpa.jpg,17.0,10-20,Atel,Medium,Lemon,Fruiting,29/05/2026,16:00:00,,,,S0018,31,171866
P0204,P0204_17Kpa.jpg,17.0,10-20,Atel,Medium,Lemon,Fruiting,29/05/2026,16:00:00,,,,S0018,31,211568
P0205,P0205_17Kpa.jpg,17.0,10-20,Atel,Medium,Lemon,Fruiting,29/05/2026,16:00:00,,,,S0018,31,249136
P0206,P0206_17Kpa.jpg,17.0,10-20,Atel,Medium,Lemon,Fruiting,29/05/2026,16:00:00,,,,S0018,31,310743
P0207,P0207_17Kpa.jpg,17.0,10-20,Atel,Medium,Lemon,Fruiting,29/05/2026,16:00:00,,,,S0018,31,172930
P0208,P0208_17Kpa.jpg,17.0,10-20,Atel,Medium,Lemon,Fruiting,29/05/2026,16:00:00,,,,S0018,31,204116
P0209,P0209_17Kpa.jpg,17.0,10-20,Atel,Medium,Lemon,Fruiting,29/05/2026,16:00:00,,,,S0018,31,218961
P0210,P0210_17Kpa.jpg,17.0,10-20,Atel,Medium,Lemon,Fruiting,29/05/2026,16:00:00,,,,S0018,31,168128
P0211,P0211_17Kpa.jpg,17.0,10-20,Atel,Medium,Lemon,Fruiting,29/05/2026,16:00:00,,,,S0018,31,258461
P0212,P0212_17Kpa.jpg,17.0,10-20,Atel,Medium,Lemon,Fruiting,29/05/2026,16:00:00,,,,S0018,31,147738
P0213,P0213_17Kpa.jpg,17.0,10-20,Atel,Medium,Lemon,Fruiting,29/05/2026,16:00:00,,,,S0018,31,312408
P0214,P0214_17Kpa.jpg,17.0,10-20,Atel,Medium,Lemon,Fruiting,29/05/2026,16:00:00,,,,S0018,31,210273
P0215,P0215_17Kpa.jpg,17.0,10-20,Atel,Medium,Lemon,Fruiting,29/05/2026,16:00:00,,,,S0018,31,241835
P0216,P0216_17Kpa.jpg,17.0,10-20,Atel,Medium,Lemon,Fruiting,29/05/2026,16:00:00,,,,S0018,31,257023
P0217,P0217_17Kpa.jpg,17.0,10-20,Atel,Medium,Lemon,Fruiting,29/05/2026,16:00:00,,,,S0018,31,249282
P0218,P0218_17Kpa.jpg,17.0,10-20,Atel,Medium,Lemon,Fruiting,29/05/2026,16:00:00,,,,S0018,31,249282
P0219,P0219_17Kpa.jpg,17.0,10-20,Atel,Medium,Lemon,Fruiting,29/05/2026,16:00:00,,,,S0018,31,282362
P0220,P0220_17Kpa.jpg,17.0,10-20,Atel,Medium,Lemon,Fruiting,29/05/2026,16:00:00,,,,S0018,31,257399
P0221,P0221_17Kpa.jpg,17.0,10-20,Atel,Medium,Lemon,Fruiting,29/05/2026,16:00:00,,,,S0018,31,256386
P0222,P0222_17Kpa.jpg,17.0,10-20,Atel,Medium,Lemon,Fruiting,29/05/2026,16:00:00,,,,S0018,31,254586
P0223,P0223_17Kpa.jpg,17.0,10-20,Atel,Medium,Lemon,Fruiting,29/05/2026,16:00:00,,,,S0018,31,278411
P0224,P0224_17Kpa.jpg,17.0,10-20,Atel,Medium,Lemon,Fruiting,29/05/2026,16:00:00,,,,S0018,31,239935
P0225,P0225_17Kpa.jpg,17.0,10-20,Atel,Medium,Lemon,Fruiting,29/05/2026,16:00:00,,,,S0018,31,270729
P0226,P0226_17Kpa.jpg,17.0,10-20,Atel,Medium,Lemon,Fruiting,29/05/2026,16:00:00,,,,S0018,31,250904
P0227,P0227_17Kpa.jpg,17.0,10-20,Atel,Medium,Lemon,Fruiting,29/05/2026,16:00:00,,,,S0018,31,331650
P0228,P0228_13.5Kpa.jpg,13.5,10-20,Atel,Medium,Maize,Post_Harvest,29/05/2026,16:00:00,,,,S0019,30,283139
P0229,P0229_13.5Kpa.jpg,13.5,10-20,Atel,Medium,Maize,Post_Harvest,29/05/2026,16:00:00,,,,S0019,30,307450
P0230,P0230_13Kpa.jpg,13.0,10-20,Atel,Medium,Maize,Post_Harvest,29/05/2026,16:00:00,,,,S0019,30,254280
P0231,P0231_13Kpa.jpg,13.0,10-20,Atel,Medium,Maize,Post_Harvest,29/05/2026,16:00:00,,,,S0019,30,259443
P0232,P0232_13.5Kpa.jpg,13.5,10-20,Atel,Medium,Maize,Post_Harvest,29/05/2026,16:00:00,,,,S0019,30,270416
P0233,P0233_13Kpa.jpg,13.0,10-20,Atel,Medium,Maize,Post_Harvest,29/05/2026,16:00:00,,,,S0019,30,271213
P0234,P0234_13.5Kpa.jpg,13.5,10-20,Atel,Medium,Maize,Post_Harvest,29/05/2026,16:00:00,,,,S0019,30,287818
P0235,P0235_13.5Kpa.jpg,13.5,10-20,Atel,Medium,Maize,Post_Harvest,29/05/2026,16:00:00,,,,S0019,30,303445
P0236,P0236_13.5Kpa.jpg,13.5,10-20,Atel,Medium,Maize,Post_Harvest,29/05/2026,16:00:00,,,,S0019,30,188924
P0237,P0237_13.5Kpa.jpg,13.5,10-20,Atel,Medium,Maize,Post_Harvest,29/05/2026,16:00:00,,,,S0019,30,345791
P0238,P0238_13.5Kpa.jpg,13.5,10-20,Atel,Medium,Maize,Post_Harvest,29/05/2026,16:00:00,,,,S0019,30,345810
P0239,P0239_13.5Kpa.jpg,13.5,10-20,Atel,Medium,Maize,Post_Harvest,29/05/2026,16:00:00,,,,S0019,30,322952
P0240,P0240_13.5Kpa.jpg,13.5,10-20,Atel,Medium,Maize,Post_Harvest,29/05/2026,16:00:00,,,,S0019,30,339084
P0241,P0241_13.5Kpa.jpg,13.5,10-20,Atel,Medium,Maize,Post_Harvest,29/05/2026,16:00:00,,,,S0019,30,327856
P0242,P0242_13.5Kpa.jpg,13.5,10-20,Atel,Medium,Maize,Post_Harvest,29/05/2026,16:00:00,,,,S0019,30,329406
P0243,P0243_13.5Kpa.jpg,13.5,10-20,Atel,Medium,Maize,Post_Harvest,29/05/2026,16:00:00,,,,S0019,30,318013
P0244,P0244_13.5Kpa.jpg,13.5,10-20,Atel,Medium,Maize,Post_Harvest,29/05/2026,16:00:00,,,,S0019,30,342544
P0245,P0245_13.5Kpa.jpg,13.5,10-20,Atel,Medium,Maize,Post_Harvest,29/05/2026,16:00:00,,,,S0019,30,332840
P0246,P0246_13.5Kpa.jpg,13.5,10-20,Atel,Medium,Maize,Post_Harvest,29/05/2026,16:00:00,,,,S0019,30,337277
P0247,P0247_13.5Kpa.jpg,13.5,10-20,Atel,Medium,Maize,Post_Harvest,29/05/2026,16:00:00,,,,S0019,30,297589
P0248,P0248_12.5Kpa.jpg,12.5,10-20,Atel,Medium,Maize,Post_Harvest,29/05/2026,16:00:00,,,,S0019,30,342873
P0249,P0249_12.5Kpa.jpg,12.5,10-20,Atel,Medium,Maize,Post_Harvest,29/05/2026,16:00:00,,,,S0019,30,339183
P0250,P0250_13.5Kpa.jpg,13.5,10-20,Atel,Medium,Maize,Post_Harvest,29/05/2026,16:00:00,,,,S0019,30,299040
P0251,P0251_13.5Kpa.jpg,13.5,10-20,Atel,Medium,Maize,Post_Harvest,29/05/2026,16:00:00,,,,S0019,30,261338
P0252,P0252_13Kpa.jpg,13.0,10-20,Atel,Medium,Maize,Post_Harvest,29/05/2026,16:00:00,,,,S0019,30,259082
P0253,P0253_13Kpa.jpg,13.0,10-20,Atel,Medium,Maize,Post_Harvest,29/05/2026,16:00:00,,,,S0019,30,250122
P0254,P0254_12.5Kpa.jpg,12.5,10-20,Atel,Medium,Maize,Post_Harvest,29/05/2026,16:00:00,,,,S0019,30,208782
P0255,P0255_13Kpa.jpg,13.0,10-20,Atel,Medium,Maize,Post_Harvest,29/05/2026,16:00:00,,,,S0019,30,241931
P0256,P0256_13Kpa.jpg,13.0,10-20,Atel,Medium,Maize,Post_Harvest,29/05/2026,16:00:00,,,,S0019,30,285250
P0257,P0257_13Kpa.jpg,13.0,10-20,Atel,Medium,Maize,Post_Harvest,29/05/2026,16:00:00,,,,S0019,30,322009
P0258,P0258_20Kpa.jpg,20.0,20-22,Atel,Medium,Meheguni,Mature,29/05/2026,16:00:00,,,,S0020,14,291095
P0259,P0259_20Kpa.jpg,20.0,20-22,Atel,Medium,Meheguni,Mature,29/05/2026,16:00:00,,,,S0020,14,241166
P0260,P0260_20Kpa.jpg,20.0,20-22,Atel,Medium,Meheguni,Mature,29/05/2026,16:00:00,,,,S0020,14,257579
P0261,P0261_20Kpa.jpg,20.0,20-22,Atel,Medium,Meheguni,Mature,29/05/2026,16:00:00,,,,S0020,14,193580
P0262,P0262_20Kpa.jpg,20.0,20-22,Atel,Medium,Meheguni,Mature,29/05/2026,16:00:00,,,,S0020,14,232021
P0263,P0263_20Kpa.jpg,20.0,20-22,Atel,Medium,Meheguni,Mature,29/05/2026,16:00:00,,,,S0020,14,246310
P0264,P0264_20Kpa.jpg,20.0,20-22,Atel,Medium,Meheguni,Mature,29/05/2026,16:00:00,,,,S0020,14,258848
P0265,P0265_20Kpa.jpg,20.0,20-22,Atel,Medium,Meheguni,Mature,29/05/2026,16:00:00,,,,S0020,14,298415
P0266,P0266_20Kpa.jpg,20.0,20-22,Atel,Medium,Meheguni,Mature,29/05/2026,16:00:00,,,,S0020,14,250824
P0267,P0267_20Kpa.jpg,20.0,20-22,Atel,Medium,Meheguni,Mature,29/05/2026,16:00:00,,,,S0020,14,252640
P0268,P0268_19.8Kpa.jpg,19.8,10-20,Atel,Medium,Meheguni,Mature,29/05/2026,16:00:00,,,,S0020,14,265024
P0269,P0269_19.5Kpa.jpg,19.5,10-20,Atel,Medium,Meheguni,Mature,29/05/2026,16:00:00,,,,S0020,14,248871
P0270,P0270_19.6Kpa.jpg,19.6,10-20,Atel,Medium,Meheguni,Mature,29/05/2026,16:00:00,,,,S0020,14,281683
P0271,P0271_19.7Kpa.jpg,19.7,10-20,Atel,Medium,Meheguni,Mature,29/05/2026,16:00:00,,,,S0020,14,255656
P0272,P0272_21Kpa.jpg,21.0,20-22,Atel,Medium,Meheguni,Mature,29/05/2026,16:00:00,,,,S0021,7,270688
P0273,P0273_21.1Kpa.jpg,21.1,20-22,Atel,Medium,Meheguni,Mature,29/05/2026,16:00:00,,,,S0021,7,253770
P0274,P0274_21.2Kpa.jpg,21.2,20-22,Atel,Medium,Meheguni,Mature,29/05/2026,16:00:00,,,,S0021,7,228659
P0275,P0275_21Kpa.jpg,21.0,20-22,Atel,Medium,Meheguni,Mature,29/05/2026,16:00:00,,,,S0021,7,281717
P0276,P0276_21.3Kpa.jpg,21.3,20-22,Atel,Medium,Meheguni,Mature,29/05/2026,16:00:00,,,,S0021,7,304900
P0277,P0277_21.4Kpa.jpg,21.4,20-22,Atel,Medium,Meheguni,Mature,29/05/2026,16:00:00,,,,S0021,7,323432
P0278,P0278_21.5Kpa.jpg,21.5,20-22,Atel,Medium,Meheguni,Mature,29/05/2026,16:00:00,,,,S0021,7,260055
P0279,P0279_20Kpa.jpg,20.0,20-22,Atel,Medium,Meheguni,Mature,29/05/2026,16:00:00,,,,S0022,25,250582
P0280,P0280_20Kpa.jpg,20.0,20-22,Atel,Medium,Meheguni,Mature,29/05/2026,16:00:00,,,,S0022,25,290302
P0281,P0281_20Kpa.jpg,20.0,20-22,Atel,Medium,Meheguni,Mature,29/05/2026,16:00:00,,,,S0022,25,291825
P0282,P0282_20Kpa.jpg,20.0,20-22,Atel,Medium,Meheguni,Mature,29/05/2026,16:00:00,,,,S0022,25,226675
P0283,P0283_20Kpa.jpg,20.0,20-22,Atel,Medium,Meheguni,Mature,29/05/2026,16:00:00,,,,S0022,25,236735
P0284,P0284_20Kpa.jpg,20.0,20-22,Atel,Medium,Meheguni,Mature,29/05/2026,16:00:00,,,,S0022,25,296291
P0285,P0285_20Kpa.jpg,20.0,20-22,Atel,Medium,Meheguni,Mature,29/05/2026,16:00:00,,,,S0022,25,306766
P0286,P0286_20Kpa.jpg,20.0,20-22,Atel,Medium,Meheguni,Mature,29/05/2026,16:00:00,,,,S0022,25,272224
P0287,P0287_20Kpa.jpg,20.0,20-22,Atel,Medium,Meheguni,Mature,29/05/2026,16:00:00,,,,S0022,25,256809
P0288,P0288_20Kpa.jpg,20.0,20-22,Atel,Medium,Meheguni,Mature,29/05/2026,16:00:00,,,,S0022,25,258761
P0289,P0289_20Kpa.jpg,20.0,20-22,Atel,Medium,Meheguni,Mature,29/05/2026,16:00:00,,,,S0022,25,233255
P0290,P0290_20Kpa.jpg,20.0,20-22,Atel,Medium,Meheguni,Mature,29/05/2026,16:00:00,,,,S0022,25,228214
P0291,P0291_20Kpa.jpg,20.0,20-22,Atel,Medium,Meheguni,Mature,29/05/2026,16:00:00,,,,S0022,25,334103
P0292,P0292_20Kpa.jpg,20.0,20-22,Atel,Medium,Meheguni,Mature,29/05/2026,16:00:00,,,,S0022,25,237741
P0293,P0293_20Kpa.jpg,20.0,20-22,Atel,Medium,Meheguni,Mature,29/05/2026,16:00:00,,,,S0022,25,255751
P0294,P0294_20Kpa.jpg,20.0,20-22,Atel,Medium,Meheguni,Mature,29/05/2026,16:00:00,,,,S0022,25,252152
P0295,P0295_20Kpa.jpg,20.0,20-22,Atel,Medium,Meheguni,Mature,29/05/2026,16:00:00,,,,S0022,25,241294
P0296,P0296_20Kpa.jpg,20.0,20-22,Atel,Medium,Meheguni,Mature,29/05/2026,16:00:00,,,,S0022,25,231821
P0297,P0297_20Kpa.jpg,20.0,20-22,Atel,Medium,Meheguni,Mature,29/05/2026,16:00:00,,,,S0022,25,250217
P0298,P0298_20Kpa.jpg,20.0,20-22,Atel,Medium,Meheguni,Mature,29/05/2026,16:00:00,,,,S0022,25,273158
P0299,P0299_20Kpa.jpg,20.0,20-22,Atel,Medium,Meheguni,Mature,29/05/2026,16:00:00,,,,S0022,25,289292
P0300,P0300_20Kpa.jpg,20.0,20-22,Atel,Medium,Meheguni,Mature,29/05/2026,16:00:00,,,,S0022,25,288095
P0301,P0301_20Kpa.jpg,20.0,20-22,Atel,Medium,Meheguni,Mature,29/05/2026,16:00:00,,,,S0022,25,285328
P0302,P0302_20Kpa.jpg,20.0,20-22,Atel,Medium,Meheguni,Mature,29/05/2026,16:00:00,,,,S0022,25,285328
P0303,P0303_20Kpa.jpg,20.0,20-22,Atel,Medium,Meheguni,Mature,29/05/2026,16:00:00,,,,S0022,25,290224
P0304,P0304_15Kpa.jpg,15.0,10-20,Poli,Low,Rich,Seed_Sowing,29/05/2026,16:00:00,,,,S0023,27,333981
P0305,P0305_15Kpa.jpg,15.0,10-20,Poli,Low,Rich,Seed_Sowing,29/05/2026,16:00:00,,,,S0023,27,350481
P0306,P0306_15Kpa.jpg,15.0,10-20,Poli,Low,Rich,Seed_Sowing,29/05/2026,16:00:00,,,,S0023,27,319752
P0307,P0307_15Kpa.jpg,15.0,10-20,Poli,Low,Rich,Seed_Sowing,29/05/2026,16:00:00,,,,S0023,27,340533
P0308,P0308_15Kpa.jpg,15.0,10-20,Poli,Low,Rich,Seed_Sowing,29/05/2026,16:00:00,,,,S0023,27,366057
P0309,P0309_15Kpa.jpg,15.0,10-20,Poli,Low,Rich,Seed_Sowing,29/05/2026,16:00:00,,,,S0023,27,343448
P0310,P0310_15Kpa.jpg,15.0,10-20,Poli,Low,Rich,Seed_Sowing,29/05/2026,16:00:00,,,,S0023,27,365950
P0311,P0311_15Kpa.jpg,15.0,10-20,Poli,Low,Rich,Seed_Sowing,29/05/2026,16:00:00,,,,S0023,27,344343
P0312,P0312_15Kpa.jpg,15.0,10-20,Poli,Low,Rich,Seed_Sowing,29/05/2026,16:00:00,,,,S0023,27,353831
P0313,P0313_15Kpa.jpg,15.0,10-20,Poli,Low,Rich,Seed_Sowing,29/05/2026,16:00:00,,,,S0023,27,324154
P0314,P0314_15Kpa.jpg,15.0,10-20,Poli,Low,Rich,Seed_Sowing,29/05/2026,16:00:00,,,,S0023,27,377748
P0315,P0315_15Kpa.jpg,15.0,10-20,Poli,Low,Rich,Seed_Sowing,29/05/2026,16:00:00,,,,S0023,27,376259
P0316,P0316_15Kpa.jpg,15.0,10-20,Poli,Low,Rich,Seed_Sowing,29/05/2026,16:00:00,,,,S0023,27,310261
P0317,P0317_15Kpa.jpg,15.0,10-20,Poli,Low,Rich,Seed_Sowing,29/05/2026,16:00:00,,,,S0023,27,367108
P0318,P0318_15Kpa.jpg,15.0,10-20,Poli,Low,Rich,Seed_Sowing,29/05/2026,16:00:00,,,,S0023,27,360385
P0319,P0319_15Kpa.jpg,15.0,10-20,Poli,Low,Rich,Seed_Sowing,29/05/2026,16:00:00,,,,S0023,27,385309
P0320,P0320_15Kpa.jpg,15.0,10-20,Poli,Low,Rich,Seed_Sowing,29/05/2026,16:00:00,,,,S0023,27,285420
P0321,P0321_15Kpa.jpg,15.0,10-20,Poli,Low,Rich,Seed_Sowing,29/05/2026,16:00:00,,,,S0023,27,379868
P0322,P0322_15Kpa.jpg,15.0,10-20,Poli,Low,Rich,Seed_Sowing,29/05/2026,16:00:00,,,,S0023,27,324293
P0323,P0323_15Kpa.jpg,15.0,10-20,Poli,Low,Rich,Seed_Sowing,29/05/2026,16:00:00,,,,S0023,27,328589
P0324,P0324_15Kpa.jpg,15.0,10-20,Poli,Low,Rich,Seed_Sowing,29/05/2026,16:00:00,,,,S0023,27,336235
P0325,P0325_15Kpa.jpg,15.0,10-20,Poli,Low,Rich,Seed_Sowing,29/05/2026,16:00:00,,,,S0023,27,318605
P0326,P0326_15Kpa.jpg,15.0,10-20,Poli,Low,Rich,Seed_Sowing,29/05/2026,16:00:00,,,,S0023,27,343114
P0327,P0327_15Kpa.jpg,15.0,10-20,Poli,Low,Rich,Seed_Sowing,29/05/2026,16:00:00,,,,S0023,27,373194
P0328,P0328_15Kpa.jpg,15.0,10-20,Poli,Low,Rich,Seed_Sowing,29/05/2026,16:00:00,,,,S0023,27,366867
P0329,P0329_15Kpa.jpg,15.0,10-20,Poli,Low,Rich,Seed_Sowing,29/05/2026,16:00:00,,,,S0023,27,346029
P0330,P0330_15Kpa.jpg,15.0,10-20,Poli,Low,Rich,Seed_Sowing,29/05/2026,16:00:00,,,,S0023,27,373925
P0331,P0331_17Kpa.jpg,17.0,10-20,Doash,High,Okra,Seed_Sowing,29/05/2026,16:00:00,,,,S0024,1,307350
P0332,P0332_14Kpa.jpg,14.0,10-20,Doash,High,Okra,Seed_Sowing,29/05/2026,16:00:00,,,,S0025,8,270119
P0333,P0333_13Kpa.jpg,13.0,10-20,Doash,High,Okra,Seed_Sowing,29/05/2026,16:00:00,,,,S0025,8,238008
P0334,P0334_13Kpa.jpg,13.0,10-20,Doash,High,Okra,Seed_Sowing,29/05/2026,16:00:00,,,,S0025,8,231992
P0335,P0335_13Kpa.jpg,13.0,10-20,Doash,High,Okra,Seed_Sowing,29/05/2026,16:00:00,,,,S0025,8,265871
P0336,P0336_13Kpa.jpg,13.0,10-20,Doash,High,Okra,Seed_Sowing,29/05/2026,16:00:00,,,,S0025,8,379504
P0337,P0337_13Kpa.jpg,13.0,10-20,Doash,High,Okra,Seed_Sowing,29/05/2026,16:00:00,,,,S0025,8,371208
P0338,P0338_13Kpa.jpg,13.0,10-20,Doash,High,Okra,Seed_Sowing,29/05/2026,16:00:00,,,,S0025,8,409113
P0339,P0339_13Kpa.jpg,13.0,10-20,Doash,,Okra,,,,,,,S0025,8,396023
P0340,P0340_10Kpa.jpg,10.0,10-20,Doash,,Okra,,,,,,,S0026,1,354061
P0341,P0341_13Kpa.jpg,13.0,10-20,Doash,High,Okra,Seed_Sowing,29/05/2026,16:00:00,,,,S0027,3,345553
P0342,P0342_13Kpa.jpg,13.0,10-20,Doash,High,Okra,Seed_Sowing,29/05/2026,16:00:00,,,,S0027,3,311845
P0343,P0343_13Kpa.jpg,13.0,10-20,Doash,High,Okra,Seed_Sowing,29/05/2026,16:00:00,,,,S0027,3,349808
P0344,P0344_20Kpa.jpg,20.0,20-22,Doash,High,Mango,Mature,29/05/2026,16:00:00,,,,S0028,58,160916
P0345,P0345_20Kpa.jpg,20.0,20-22,Doash,High,Mango,Mature,29/05/2026,16:00:00,,,,S0028,58,206389
P0346,P0346_20Kpa.jpg,20.0,20-22,Doash,High,Mango,Mature,29/05/2026,16:00:00,,,,S0028,58,208550
P0347,P0347_21Kpa.jpg,21.0,20-22,Doash,High,Mango,Mature,29/05/2026,16:00:00,,,,S0028,58,166330
P0348,P0348_20Kpa.jpg,20.0,20-22,Doash,High,Mango,Mature,29/05/2026,16:00:00,,,,S0028,58,161071
P0349,P0349_21Kpa.jpg,21.0,20-22,Doash,High,Mango,Mature,29/05/2026,16:00:00,,,,S0028,58,176185
P0350,P0350_21Kpa.jpg,21.0,20-22,Doash,High,Mango,Mature,29/05/2026,16:00:00,,,,S0028,58,173548
P0351,P0351_21Kpa.jpg,21.0,20-22,Doash,High,Mango,Mature,29/05/2026,16:00:00,,,,S0028,58,205066
P0352,P0352_21Kpa.jpg,21.0,20-22,Doash,High,Mango,Mature,29/05/2026,16:00:00,,,,S0028,58,175133
P0353,P0353_21Kpa.jpg,21.0,20-22,Doash,High,Mango,Mature,29/05/2026,16:00:00,,,,S0028,58,212075
P0354,P0354_21Kpa.jpg,21.0,20-22,Doash,High,Mango,Mature,29/05/2026,16:00:00,,,,S0028,58,206142
P0355,P0355_21Kpa.jpg,21.0,20-22,Doash,High,Mango,Mature,29/05/2026,16:00:00,,,,S0028,58,241517
P0356,P0356_20Kpa.jpg,20.0,20-22,Doash,High,Mango,Mature,29/05/2026,16:00:00,,,,S0028,58,190126
P0357,P0357_21Kpa.jpg,21.0,20-22,Doash,High,Mango,Mature,29/05/2026,16:00:00,,,,S0028,58,134821
P0358,P0358_21Kpa.jpg,21.0,20-22,Doash,High,Mango,Mature,29/05/2026,16:00:00,,,,S0028,58,151495
P0359,P0359_21Kpa.jpg,21.0,20-22,Doash,High,Mango,Mature,29/05/2026,16:00:00,,,,S0028,58,154348
P0360,P0360_21Kpa.jpg,21.0,20-22,Doash,High,Mango,Mature,29/05/2026,16:00:00,,,,S0028,58,175287
P0361,P0361_21Kpa.jpg,21.0,20-22,Doash,High,Mango,Mature,29/05/2026,16:00:00,,,,S0028,58,156077
P0362,P0362_21Kpa.jpg,21.0,20-22,Doash,High,Mango,Mature,29/05/2026,16:00:00,,,,S0028,58,174228
P0363,P0363_21Kpa.jpg,21.0,20-22,Doash,High,Mango,Mature,29/05/2026,16:00:00,,,,S0028,58,159148
P0364,P0364_21Kpa.jpg,21.0,20-22,Doash,High,Mango,Mature,29/05/2026,16:00:00,,,,S0028,58,124956
P0365,P0365_21Kpa.jpg,21.0,20-22,Doash,High,Mango,Mature,29/05/2026,16:00:00,,,,S0028,58,134312
P0366,P0366_21Kpa.jpg,21.0,20-22,Doash,High,Mango,Mature,29/05/2026,16:00:00,,,,S0028,58,147094
P0367,P0367_21Kpa.jpg,21.0,20-22,Doash,High,Mango,Mature,29/05/2026,16:00:00,,,,S0028,58,131779
P0368,P0368_20.8Kpa.jpg,20.8,20-22,Doash,High,Mango,Mature,29/05/2026,16:00:00,,,,S0028,58,173258
P0369,P0369_20.5Kpa.jpg,20.5,20-22,Doash,High,Mango,Mature,29/05/2026,16:00:00,,,,S0028,58,123189
P0370,P0370_20.5Kpa.jpg,20.5,20-22,Doash,High,Mango,Mature,29/05/2026,16:00:00,,,,S0028,58,126686
P0371,P0371_20.5Kpa.jpg,20.5,20-22,Doash,High,Mango,Mature,29/05/2026,16:00:00,,,,S0028,58,128067
P0372,P0372_20.5Kpa.jpg,20.5,20-22,Doash,High,Mango,Mature,29/05/2026,16:00:00,,,,S0028,58,146301
P0373,P0373_20.5Kpa.jpg,20.5,20-22,Doash,High,Mango,Mature,29/05/2026,16:00:00,,,,S0028,58,104847
P0374,P0374_20.5Kpa.jpg,20.5,20-22,Doash,High,Mango,Mature,29/05/2026,16:00:00,,,,S0028,58,94968
P0375,P0375_20.5Kpa.jpg,20.5,20-22,Doash,High,Mango,Mature,29/05/2026,16:00:00,,,,S0028,58,117294
P0376,P0376_20.5Kpa.jpg,20.5,20-22,Doash,High,Mango,Mature,29/05/2026,16:00:00,,,,S0028,58,152783
P0377,P0377_20.5Kpa.jpg,20.5,20-22,Doash,High,Mango,Mature,29/05/2026,16:00:00,,,,S0028,58,123799
P0378,P0378_20.5Kpa.jpg,20.5,20-22,Doash,High,Mango,Mature,29/05/2026,16:00:00,,,,S0028,58,137073
P0379,P0379_20.5Kpa.jpg,20.5,20-22,Doash,High,Mango,Mature,29/05/2026,16:00:00,,,,S0028,58,112126
P0380,P0380_20.5Kpa.jpg,20.5,20-22,Doash,High,Mango,Mature,29/05/2026,16:00:00,,,,S0028,58,174908
P0381,P0381_20.5Kpa.jpg,20.5,20-22,Doash,High,Mango,Mature,29/05/2026,16:00:00,,,,S0028,58,112198
P0382,P0382_20.5Kpa.jpg,20.5,20-22,Doash,High,Mango,Mature,29/05/2026,16:00:00,,,,S0028,58,121644
P0383,P0383_20.5Kpa.jpg,20.5,20-22,Doash,High,Mango,Mature,29/05/2026,16:00:00,,,,S0028,58,121644
P0384,P0384_20.5Kpa.jpg,20.5,20-22,Doash,High,Mango,Mature,29/05/2026,16:00:00,,,,S0028,58,178048
P0385,P0385_20.5Kpa.jpg,20.5,20-22,Doash,High,Mango,Mature,29/05/2026,16:00:00,,,,S0028,58,225580
P0386,P0386_20.5Kpa.jpg,20.5,20-22,Doash,High,Mango,Mature,29/05/2026,16:00:00,,,,S0028,58,174004
P0387,P0387_20.5Kpa.jpg,20.5,20-22,Doash,High,Mango,Mature,29/05/2026,16:00:00,,,,S0028,58,175779
P0388,P0388_20.5Kpa.jpg,20.5,20-22,Doash,High,Mango,Mature,29/05/2026,16:00:00,,,,S0028,58,118840
P0389,P0389_20.5Kpa.jpg,20.5,20-22,Doash,High,Mango,Mature,29/05/2026,16:00:00,,,,S0028,58,86053
P0390,P0390_20.5Kpa.jpg,20.5,20-22,Doash,High,Mango,Mature,29/05/2026,16:00:00,,,,S0028,58,74700
P0391,P0391_20.5Kpa.jpg,20.5,20-22,Doash,High,Mango,Mature,29/05/2026,16:00:00,,,,S0028,58,130614
P0392,P0392_20.5Kpa.jpg,20.5,20-22,Doash,High,Mango,Mature,29/05/2026,16:00:00,,,,S0028,58,93258
P0393,P0393_20.5Kpa.jpg,20.5,20-22,Doash,High,Mango,Mature,29/05/2026,16:00:00,,,,S0028,58,71768
P0394,P0394_20.5Kpa.jpg,20.5,20-22,Doash,High,Mango,Mature,29/05/2026,16:00:00,,,,S0028,58,118772
P0395,P0395_20.5Kpa.jpg,20.5,20-22,Doash,High,Mango,Mature,29/05/2026,16:00:00,,,,S0028,58,118570
P0396,P0396_20.5Kpa.jpg,20.5,20-22,Doash,High,Mango,Mature,29/05/2026,16:00:00,,,,S0028,58,235666
P0397,P0397_21.5Kpa.jpg,21.5,20-22,Doash,High,Mango,Mature,29/05/2026,16:00:00,,,,S0028,58,180965
P0398,P0398_21.5Kpa.jpg,21.5,20-22,Doash,High,Mango,Mature,29/05/2026,16:00:00,,,,S0028,58,77539
P0399,P0399_21.5Kpa.jpg,21.5,20-22,Doash,High,Mango,Mature,29/05/2026,16:00:00,,,,S0028,58,97469
P0400,P0400_21.5Kpa.jpg,21.5,20-22,Doash,High,Mango,Mature,29/05/2026,16:00:00,,,,S0028,58,88415
P0401,P0401_21.5Kpa.jpg,21.5,20-22,Atel,High,Grass,Mature,29/05/2026,16:00:00,,,,S0028,58,98158
P0402,P0402_16.5Kpa.jpg,16.5,10-20,Atel,High,Grass,Mature,29/05/2026,16:00:00,,,,S0029,83,116718
P0403,P0403_16.5Kpa.jpg,16.5,10-20,Atel,High,Grass,Mature,29/05/2026,16:00:00,,,,S0029,83,173683
P0404,P0404_16.5Kpa.jpg,16.5,10-20,Atel,High,Grass,Mature,29/05/2026,16:00:00,,,,S0029,83,150035
P0405,P0405_16.5Kpa.jpg,16.5,10-20,Atel,High,Grass,Mature,29/05/2026,16:00:00,,,,S0029,83,256877
P0406,P0406_16.5Kpa.jpg,16.5,10-20,Atel,High,Grass,Mature,29/05/2026,16:00:00,,,,S0029,83,223410
P0407,P0407_16.5Kpa.jpg,16.5,10-20,Atel,High,Grass,Mature,29/05/2026,16:00:00,,,,S0029,83,104981
P0408,P0408_16.5Kpa.jpg,16.5,10-20,Atel,High,Grass,Mature,29/05/2026,16:00:00,,,,S0029,83,205485
P0409,P0409_15.5Kpa.jpg,15.5,10-20,Atel,High,Grass,Mature,29/05/2026,16:00:00,,,,S0029,83,209059
P0410,P0410_15.6Kpa.jpg,15.6,10-20,Atel,High,Grass,Mature,29/05/2026,16:00:00,,,,S0029,83,202041
P0411,P0411_15.6Kpa.jpg,15.6,10-20,Atel,High,Grass,Mature,29/05/2026,16:00:00,,,,S0029,83,147672
P0412,P0412_15.6Kpa.jpg,15.6,10-20,Atel,High,Grass,Mature,29/05/2026,16:00:00,,,,S0029,83,176849
P0413,P0413_15.6Kpa.jpg,15.6,10-20,Atel,High,Grass,Mature,29/05/2026,16:00:00,,,,S0029,83,234207
P0414,P0414_15.6Kpa.jpg,15.6,10-20,Atel,High,Grass,Mature,29/05/2026,16:00:00,,,,S0029,83,199509
P0415,P0415_15.6Kpa.jpg,15.6,10-20,Atel,High,Grass,Mature,29/05/2026,16:00:00,,,,S0029,83,101661
P0416,P0416_15.6Kpa.jpg,15.6,10-20,Atel,High,Grass,Mature,29/05/2026,16:00:00,,,,S0029,83,197558
P0417,P0417_15.6Kpa.jpg,15.6,10-20,Atel,High,Grass,Mature,29/05/2026,16:00:00,,,,S0029,83,208786
P0418,P0418_15.6Kpa.jpg,15.6,10-20,Atel,High,Grass,Mature,29/05/2026,16:00:00,,,,S0029,83,154383
P0419,P0419_15.6Kpa.jpg,15.6,10-20,Atel,High,Grass,Mature,29/05/2026,16:00:00,,,,S0029,83,188060
P0420,P0420_15.6Kpa.jpg,15.6,10-20,Atel,High,Grass,Mature,29/05/2026,16:00:00,,,,S0029,83,231458
P0421,P0421_15.6Kpa.jpg,15.6,10-20,Atel,High,Grass,Mature,29/05/2026,16:00:00,,,,S0029,83,237520
P0422,P0422_15.6Kpa.jpg,15.6,10-20,Atel,High,Grass,Mature,29/05/2026,16:00:00,,,,S0029,83,233680
P0423,P0423_15.6Kpa.jpg,15.6,10-20,Atel,High,Grass,Mature,29/05/2026,16:00:00,,,,S0029,83,194862
P0424,P0424_15.6Kpa.jpg,15.6,10-20,Atel,High,Grass,Mature,29/05/2026,16:00:00,,,,S0029,83,204140
P0425,P0425_15.6Kpa.jpg,15.6,10-20,Atel,High,Grass,Mature,29/05/2026,16:00:00,,,,S0029,83,204140
P0426,P0426_15.6Kpa.jpg,15.6,10-20,Atel,High,Grass,Mature,29/05/2026,16:00:00,,,,S0029,83,221200
P0427,P0427_15.6Kpa.jpg,15.6,10-20,Atel,High,Grass,Mature,29/05/2026,16:00:00,,,,S0029,83,239485
P0428,P0428_15.6Kpa.jpg,15.6,10-20,Atel,High,Grass,Mature,29/05/2026,16:00:00,,,,S0029,83,188465
P0429,P0429_15.6Kpa.jpg,15.6,10-20,Atel,High,Grass,Mature,29/05/2026,16:00:00,,,,S0029,83,244260
P0430,P0430_15.6Kpa.jpg,15.6,10-20,Atel,High,Grass,Mature,29/05/2026,16:00:00,,,,S0029,83,193001
P0431,P0431_15.6Kpa.jpg,15.6,10-20,Atel,High,Grass,Mature,29/05/2026,16:00:00,,,,S0029,83,109642
P0432,P0432_15.6Kpa.jpg,15.6,10-20,Atel,High,Grass,Mature,29/05/2026,16:00:00,,,,S0029,83,259702
P0433,P0433_15.6Kpa.jpg,15.6,10-20,Atel,High,Grass,Mature,29/05/2026,16:00:00,,,,S0029,83,238135
P0434,P0434_15.6Kpa.jpg,15.6,10-20,Atel,High,Grass,Mature,29/05/2026,16:00:00,,,,S0029,83,216654
P0435,P0435_15.6Kpa.jpg,15.6,10-20,Atel,High,Grass,Mature,29/05/2026,16:00:00,,,,S0029,83,206428
P0436,P0436_15.6Kpa.jpg,15.6,10-20,Atel,High,Grass,Mature,29/05/2026,16:00:00,,,,S0029,83,192897
P0437,P0437_15.6Kpa.jpg,15.6,10-20,Atel,High,Grass,Mature,29/05/2026,16:00:00,,,,S0029,83,222913
P0438,P0438_15.6Kpa.jpg,15.6,10-20,Atel,High,Grass,Mature,29/05/2026,16:00:00,,,,S0029,83,177824
P0439,P0439_15.6Kpa.jpg,15.6,10-20,Atel,High,Grass,Mature,29/05/2026,16:00:00,,,,S0029,83,207520
P0440,P0440_15.6Kpa.jpg,15.6,10-20,Atel,High,Grass,Mature,29/05/2026,16:00:00,,,,S0029,83,192649
P0441,P0441_15.6Kpa.jpg,15.6,10-20,Atel,High,Grass,Mature,29/05/2026,16:00:00,,,,S0029,83,229312
P0442,P0442_14.85Kpa.jpg,14.85,10-20,Atel,High,Grass,Mature,29/05/2026,16:00:00,,,,S0029,83,106988
P0443,P0443_15Kpa.jpg,15.0,10-20,Atel,High,Grass,Mature,29/05/2026,16:00:00,,,,S0029,83,162835
P0444,P0444_14.75Kpa.jpg,14.75,10-20,Atel,High,Grass,Mature,29/05/2026,16:00:00,,,,S0029,83,132345
P0445,P0445_14.85Kpa.jpg,14.85,10-20,Atel,High,Grass,Mature,29/05/2026,16:00:00,,,,S0029,83,266057
P0446,P0446_15Kpa.jpg,15.0,10-20,Atel,High,Grass,Mature,29/05/2026,16:00:00,,,,S0029,83,180513
P0447,P0447_14.75Kpa.jpg,14.75,10-20,Atel,High,Grass,Mature,29/05/2026,16:00:00,,,,S0029,83,153042
P0448,P0448_15Kpa.jpg,15.0,10-20,Atel,High,Grass,Mature,29/05/2026,16:00:00,,,,S0029,83,177749
P0449,P0449_15Kpa.jpg,15.0,10-20,Atel,High,Grass,Mature,29/05/2026,16:00:00,,,,S0029,83,196748
P0450,P0450_15Kpa.jpg,15.0,10-20,Atel,High,Grass,Mature,29/05/2026,16:00:00,,,,S0029,83,241667
P0451,P0451_15Kpa.jpg,15.0,10-20,Atel,High,Grass,Mature,29/05/2026,16:00:00,,,,S0029,83,194100
P0452,P0452_15Kpa.jpg,15.0,10-20,Atel,High,Grass,Mature,29/05/2026,16:00:00,,,,S0029,83,159357
P0453,P0453_15Kpa.jpg,15.0,10-20,Atel_Doash,High,Eggplant,Fruiting,29/05/2026,16:00:00,,,,S0029,83,90945
P0454,P0454_15Kpa.jpg,15.0,10-20,Atel_Doash,High,Eggplant,Fruiting,29/05/2026,16:00:00,,,,S0029,83,195020
P0455,P0455_15Kpa.jpg,15.0,10-20,Atel_Doash,High,Eggplant,Fruiting,29/05/2026,16:00:00,,,,S0029,83,234639
P0456,P0456_15Kpa.jpg,15.0,10-20,Atel_Doash,High,Eggplant,Fruiting,29/05/2026,16:00:00,,,,S0029,83,225343
P0457,P0457_15Kpa.jpg,15.0,10-20,Atel_Doash,High,Eggplant,Fruiting,29/05/2026,16:00:00,,,,S0029,83,213274
P0458,P0458_15Kpa.jpg,15.0,10-20,Atel_Doash,High,Eggplant,Fruiting,29/05/2026,16:00:00,,,,S0029,83,133599
P0459,P0459_15Kpa.jpg,15.0,10-20,Atel_Doash,High,Eggplant,Fruiting,29/05/2026,16:00:00,,,,S0029,83,207339
P0460,P0460_15Kpa.jpg,15.0,10-20,Atel_Doash,High,Eggplant,Fruiting,29/05/2026,16:00:00,,,,S0029,83,199951
P0461,P0461_15Kpa.jpg,15.0,10-20,Atel_Doash,High,Eggplant,Fruiting,29/05/2026,16:00:00,,,,S0029,83,246262
P0462,P0462_15Kpa.jpg,15.0,10-20,Atel_Doash,High,Eggplant,Fruiting,29/05/2026,16:00:00,,,,S0029,83,198927
P0463,P0463_15Kpa.jpg,15.0,10-20,Atel_Doash,High,Eggplant,Fruiting,29/05/2026,16:00:00,,,,S0029,83,259622
P0464,P0464_15Kpa.jpg,15.0,10-20,Atel_Doash,High,Eggplant,Fruiting,29/05/2026,16:00:00,,,,S0029,83,196459
P0465,P0465_15Kpa.jpg,15.0,10-20,Atel_Doash,High,Eggplant,Fruiting,29/05/2026,16:00:00,,,,S0029,83,221617
P0466,P0466_15Kpa.jpg,15.0,10-20,Atel_Doash,High,Eggplant,Fruiting,29/05/2026,16:00:00,,,,S0029,83,177751
P0467,P0467_15Kpa.jpg,15.0,10-20,Atel_Doash,High,Eggplant,Fruiting,29/05/2026,16:00:00,,,,S0029,83,225722
P0468,P0468_15Kpa.jpg,15.0,10-20,Atel_Doash,High,Eggplant,Fruiting,29/05/2026,16:00:00,,,,S0029,83,190803
P0469,P0469_15Kpa.jpg,15.0,10-20,Atel_Doash,High,Eggplant,Fruiting,29/05/2026,16:00:00,,,,S0029,83,209914
P0470,P0470_15Kpa.jpg,15.0,10-20,Atel_Doash,High,Eggplant,Fruiting,29/05/2026,16:00:00,,,,S0029,83,202448
P0471,P0471_15Kpa.jpg,15.0,10-20,Atel_Doash,High,Eggplant,Fruiting,29/05/2026,16:00:00,,,,S0029,83,182352
P0472,P0472_15Kpa.jpg,15.0,10-20,Atel_Doash,High,Eggplant,Fruiting,29/05/2026,16:00:00,,,,S0029,83,219803
P0473,P0473_15Kpa.jpg,15.0,10-20,Atel_Doash,High,Eggplant,Fruiting,29/05/2026,16:00:00,,,,S0029,83,194106
P0474,P0474_15Kpa.jpg,15.0,10-20,Atel_Doash,High,Eggplant,Fruiting,29/05/2026,16:00:00,,,,S0029,83,212963
P0475,P0475_15Kpa.jpg,15.0,10-20,Atel_Doash,High,Eggplant,Fruiting,29/05/2026,16:00:00,,,,S0029,83,187967
P0476,P0476_15Kpa.jpg,15.0,10-20,Atel_Doash,High,Eggplant,Fruiting,29/05/2026,16:00:00,,,,S0029,83,168026
P0477,P0477_15Kpa.jpg,15.0,10-20,Atel_Doash,High,Eggplant,Fruiting,29/05/2026,16:00:00,,,,S0029,83,144699
P0478,P0478_15Kpa.jpg,15.0,10-20,Atel_Doash,High,Eggplant,Fruiting,29/05/2026,16:00:00,,,,S0029,83,77992
P0479,P0479_15Kpa.jpg,15.0,10-20,Atel_Doash,High,Eggplant,Fruiting,29/05/2026,16:00:00,,,,S0029,83,151824
P0480,P0480_15Kpa.jpg,15.0,10-20,Atel_Doash,High,Eggplant,Fruiting,29/05/2026,16:00:00,,,,S0029,83,101262
P0481,P0481_15Kpa.jpg,15.0,10-20,Atel_Doash,High,Eggplant,Fruiting,29/05/2026,16:00:00,,,,S0029,83,174306
P0482,P0482_15Kpa.jpg,15.0,10-20,Atel_Doash,High,Eggplant,Fruiting,29/05/2026,16:00:00,,,,S0029,83,173594
P0483,P0483_15Kpa.jpg,15.0,10-20,Atel_Doash,High,Eggplant,Fruiting,29/05/2026,16:00:00,,,,S0029,83,125159
P0484,P0484_15Kpa.jpg,15.0,10-20,Atel_Doash,High,Eggplant,Fruiting,29/05/2026,16:00:00,,,,S0029,83,192945
P0485,P0485_10Kpa.jpg,10.0,10-20,Atel_Doash,Medium,Jute,Seed_Sowing,29/05/2026,16:00:00,,,,S0030,12,270119
P0486,P0486_10Kpa.jpg,10.0,10-20,Atel_Doash,Medium,Jute,Seed_Sowing,29/05/2026,16:00:00,,,,S0030,12,238008
P0487,P0487_10Kpa.jpg,10.0,10-20,Atel_Doash,Medium,Jute,Seed_Sowing,29/05/2026,16:00:00,,,,S0030,12,231992
P0488,P0488_10Kpa.jpg,10.0,10-20,Atel_Doash,Medium,Jute,Seed_Sowing,29/05/2026,16:00:00,,,,S0030,12,265871
P0489,P0489_10Kpa.jpg,10.0,10-20,Atel_Doash,Medium,Jute,Seed_Sowing,29/05/2026,16:00:00,,,,S0030,12,379504
P0490,P0490_10Kpa.jpg,10.0,10-20,Atel_Doash,Medium,Jute,Seed_Sowing,29/05/2026,16:00:00,,,,S0030,12,371208
P0491,P0491_10Kpa.jpg,10.0,10-20,Atel_Doash,Medium,Jute,Seed_Sowing,29/05/2026,16:00:00,,,,S0030,12,409113
P0492,P0492_10Kpa.jpg,10.0,10-20,Atel_Doash,Medium,Jute,Seed_Sowing,29/05/2026,16:00:00,,,,S0030,12,396023
P0493,P0493_10Kpa.jpg,10.0,10-20,Atel_Doash,Medium,Jute,Seed_Sowing,29/05/2026,16:00:00,,,,S0030,12,354061
P0494,P0494_10Kpa.jpg,10.0,10-20,Atel_Doash,Medium,Jute,Seed_Sowing,29/05/2026,16:00:00,,,,S0030,12,345553
P0495,P0495_10Kpa.jpg,10.0,10-20,Atel_Doash,Medium,Jute,Seed_Sowing,29/05/2026,16:00:00,,,,S0030,12,311845
P0496,P0496_10Kpa.jpg,10.0,10-20,Atel_Doash,Medium,Jute,Seed_Sowing,29/05/2026,16:00:00,,,,S0030,12,349808
P0497,P0497_15Kpa.jpg,15.0,10-20,Poli,Low,Rich,Seed_Sowing,29/05/2026,16:00:00,,,,S0031,10,45601
P0498,P0498_14.85Kpa.jpg,14.85,10-20,Poli,Low,Rich,Seed_Sowing,29/05/2026,16:00:00,,,,S0031,10,179805
P0499,P0499_14.95Kpa.jpg,14.95,10-20,Poli,Low,Rich,Seed_Sowing,29/05/2026,16:00:00,,,,S0031,10,387587
P0500,P0500_14.95Kpa.jpg,14.95,10-20,Poli,Low,Rich,Seed_Sowing,29/05/2026,16:00:00,,,,S0031,10,372093
P0501,P0501_14.95Kpa.jpg,14.95,10-20,Poli,Low,Rich,Seed_Sowing,29/05/2026,16:00:00,,,,S0031,10,310236
P0502,P0502_14.95Kpa.jpg,14.95,10-20,Poli,Low,Rich,Seed_Sowing,29/05/2026,16:00:00,,,,S0031,10,335151
P0503,P0503_14.95Kpa.jpg,14.95,10-20,Poli,Low,Rich,Seed_Sowing,29/05/2026,16:00:00,,,,S0031,10,353820
P0504,P0504_14.95Kpa.jpg,14.95,10-20,Poli,Low,Rich,Seed_Sowing,29/05/2026,16:00:00,,,,S0031,10,354064
P0505,P0505_14.95Kpa.jpg,14.95,10-20,Poli,Low,Rich,Seed_Sowing,29/05/2026,16:00:00,,,,S0031,10,369426
P0506,P0506_14.95Kpa.jpg,14.95,10-20,Poli,Low,Rich,Seed_Sowing,29/05/2026,16:00:00,,,,S0031,10,351232
P0507,P0507_11Kpa.jpg,11.0,10-20,Doash,High,Sponge Gourd,Seedling,29/05/2026,16:00:00,,,,S0032,48,293394
P0508,P0508_11Kpa.jpg,11.0,10-20,Doash,High,Sponge Gourd,Seedling,29/05/2026,16:00:00,,,,S0032,48,290910
P0509,P0509_11Kpa.jpg,11.0,10-20,Doash,High,Sponge Gourd,Seedling,29/05/2026,16:00:00,,,,S0032,48,294000
P0510,P0510_11Kpa.jpg,11.0,10-20,Doash,High,Sponge Gourd,Seedling,29/05/2026,16:00:00,,,,S0032,48,315335
P0511,P0511_11Kpa.jpg,11.0,10-20,Doash,High,Sponge Gourd,Seedling,29/05/2026,16:00:00,,,,S0032,48,305510
P0512,P0512_11Kpa.jpg,11.0,10-20,Doash,High,Sponge Gourd,Seedling,29/05/2026,16:00:00,,,,S0032,48,318146
P0513,P0513_11Kpa.jpg,11.0,10-20,Doash,High,Sponge Gourd,Seedling,29/05/2026,16:00:00,,,,S0032,48,314926
P0514,P0514_11Kpa.jpg,11.0,10-20,Doash,High,Sponge Gourd,Seedling,29/05/2026,16:00:00,,,,S0032,48,332873
P0515,P0515_11Kpa.jpg,11.0,10-20,Doash,High,Sponge Gourd,Seedling,29/05/2026,16:00:00,,,,S0032,48,332124
P0516,P0516_11Kpa.jpg,11.0,10-20,Doash,High,Sponge Gourd,Seedling,29/05/2026,16:00:00,,,,S0032,48,269208
P0517,P0517_11Kpa.jpg,11.0,10-20,Doash,High,Sponge Gourd,Seedling,29/05/2026,16:00:00,,,,S0032,48,256544
P0518,P0518_11Kpa.jpg,11.0,10-20,Doash,High,Sponge Gourd,Seedling,29/05/2026,16:00:00,,,,S0032,48,261661
P0519,P0519_11Kpa.jpg,11.0,10-20,Doash,High,Sponge Gourd,Seedling,29/05/2026,16:00:00,,,,S0032,48,286796
P0520,P0520_11Kpa.jpg,11.0,10-20,Doash,High,Sponge Gourd,Seedling,29/05/2026,16:00:00,,,,S0032,48,286754
P0521,P0521_11Kpa.jpg,11.0,10-20,Doash,High,Sponge Gourd,Seedling,29/05/2026,16:00:00,,,,S0032,48,255316
P0522,P0522_11Kpa.jpg,11.0,10-20,Doash,High,Sponge Gourd,Seedling,29/05/2026,16:00:00,,,,S0032,48,261518
P0523,P0523_11Kpa.jpg,11.0,10-20,Doash,High,Sponge Gourd,Seedling,29/05/2026,16:00:00,,,,S0032,48,261518
P0524,P0524_11Kpa.jpg,11.0,10-20,Doash,High,Sponge Gourd,Seedling,29/05/2026,16:00:00,,,,S0032,48,213575
P0525,P0525_11Kpa.jpg,11.0,10-20,Doash,High,Sponge Gourd,Seedling,29/05/2026,16:00:00,,,,S0032,48,245465
P0526,P0526_11Kpa.jpg,11.0,10-20,Doash,High,Sponge Gourd,Seedling,29/05/2026,16:00:00,,,,S0032,48,227331
P0527,P0527_11Kpa.jpg,11.0,10-20,Doash,High,Sponge Gourd,Seedling,29/05/2026,16:00:00,,,,S0032,48,208418
P0528,P0528_11Kpa.jpg,11.0,10-20,Doash,High,Sponge Gourd,Seedling,29/05/2026,16:00:00,,,,S0032,48,284815
P0529,P0529_11Kpa.jpg,11.0,10-20,Doash,High,Sponge Gourd,Seedling,29/05/2026,16:00:00,,,,S0032,48,249614
P0530,P0530_11Kpa.jpg,11.0,10-20,Doash,High,Sponge Gourd,Seedling,29/05/2026,16:00:00,,,,S0032,48,252803
P0531,P0531_11Kpa.jpg,11.0,10-20,Doash,High,Sponge Gourd,Seedling,29/05/2026,16:00:00,,,,S0032,48,239703
P0532,P0532_11Kpa.jpg,11.0,10-20,Doash,High,Sponge Gourd,Seedling,29/05/2026,16:00:00,,,,S0032,48,278412
P0533,P0533_11Kpa.jpg,11.0,10-20,Doash,High,Sponge Gourd,Seedling,29/05/2026,16:00:00,,,,S0032,48,271170
P0534,P0534_11Kpa.jpg,11.0,10-20,Doash,High,Sponge Gourd,Seedling,29/05/2026,16:00:00,,,,S0032,48,292514
P0535,P0535_11Kpa.jpg,11.0,10-20,Doash,High,Sponge Gourd,Seedling,29/05/2026,16:00:00,,,,S0032,48,300235
P0536,P0536_11Kpa.jpg,11.0,10-20,Doash,High,Sponge Gourd,Seedling,29/05/2026,16:00:00,,,,S0032,48,273659
P0537,P0537_11Kpa.jpg,11.0,10-20,Doash,High,Sponge Gourd,Seedling,29/05/2026,16:00:00,,,,S0032,48,321315
P0538,P0538_11Kpa.jpg,11.0,10-20,Doash,High,Sponge Gourd,Seedling,29/05/2026,16:00:00,,,,S0032,48,333575
P0539,P0539_11Kpa.jpg,11.0,10-20,Doash,High,Sponge Gourd,Seedling,29/05/2026,16:00:00,,,,S0032,48,376460
P0540,P0540_11Kpa.jpg,11.0,10-20,Doash,High,Sponge Gourd,Seedling,29/05/2026,16:00:00,,,,S0032,48,280886
P0541,P0541_11Kpa.jpg,11.0,10-20,Doash,High,Sponge Gourd,Seedling,29/05/2026,16:00:00,,,,S0032,48,328557
P0542,P0542_11Kpa.jpg,11.0,10-20,Doash,High,Sponge Gourd,Seedling,29/05/2026,16:00:00,,,,S0032,48,357625
P0543,P0543_11Kpa.jpg,11.0,10-20,Doash,High,Sponge Gourd,Seedling,29/05/2026,16:00:00,,,,S0032,48,357625
P0544,P0544_11Kpa.jpg,11.0,10-20,Doash,High,Sponge Gourd,Seedling,29/05/2026,16:00:00,,,,S0032,48,330207
P0545,P0545_11Kpa.jpg,11.0,10-20,Doash,High,Sponge Gourd,Seedling,29/05/2026,16:00:00,,,,S0032,48,330207
P0546,P0546_11Kpa.jpg,11.0,10-20,Doash,High,Sponge Gourd,Seedling,29/05/2026,16:00:00,,,,S0032,48,335655
P0547,P0547_11Kpa.jpg,11.0,10-20,Doash,High,Sponge Gourd,Seedling,29/05/2026,16:00:00,,,,S0032,48,346383
P0548,P0548_11Kpa.jpg,11.0,10-20,Doash,High,Sponge Gourd,Seedling,29/05/2026,16:00:00,,,,S0032,48,346383
P0549,P0549_11Kpa.jpg,11.0,10-20,Doash,High,Sponge Gourd,Seedling,29/05/2026,16:00:00,,,,S0032,48,340861
P0550,P0550_11Kpa.jpg,11.0,10-20,Doash,High,Sponge Gourd,Seedling,29/05/2026,16:00:00,,,,S0032,48,332407
P0551,P0551_11Kpa.jpg,11.0,10-20,Doash,High,Sponge Gourd,Seedling,29/05/2026,16:00:00,,,,S0032,48,379000
P0552,P0552_11Kpa.jpg,11.0,10-20,Doash,High,Sponge Gourd,Seedling,29/05/2026,16:00:00,,,,S0032,48,382556
P0553,P0553_11Kpa.jpg,11.0,10-20,Doash,High,Sponge Gourd,Seedling,29/05/2026,16:00:00,,,,S0032,48,414960
P0554,P0554_11Kpa.jpg,11.0,10-20,Doash,High,Sponge Gourd,Seedling,29/05/2026,16:00:00,,,,S0032,48,414960
P0555,P0555_18Kpa.jpg,18.0,10-20,Atel_Doash,High,Jute,Mature,29/05/2026,16:00:00,,,,S0033,23,350441
P0556,P0556_19Kpa.jpg,19.0,10-20,Atel_Doash,High,Jute,Mature,29/05/2026,16:00:00,,,,S0033,23,349357
P0557,P0557_19Kpa.jpg,19.0,10-20,Atel_Doash,High,Jute,Mature,29/05/2026,16:00:00,,,,S0033,23,381232
P0558,P0558_19Kpa.jpg,19.0,10-20,Atel_Doash,High,Jute,Mature,29/05/2026,16:00:00,,,,S0033,23,299012
P0559,P0559_19Kpa.jpg,19.0,10-20,Atel_Doash,High,Jute,Mature,29/05/2026,16:00:00,,,,S0033,23,325525
P0560,P0560_19Kpa.jpg,19.0,10-20,Atel_Doash,High,Jute,Mature,29/05/2026,16:00:00,,,,S0033,23,294950
P0561,P0561_19Kpa.jpg,19.0,10-20,Atel_Doash,High,Jute,Mature,29/05/2026,16:00:00,,,,S0033,23,289442
P0562,P0562_19Kpa.jpg,19.0,10-20,Atel_Doash,High,Jute,Mature,29/05/2026,16:00:00,,,,S0033,23,206122
P0563,P0563_19Kpa.jpg,19.0,10-20,Atel_Doash,High,Jute,Mature,29/05/2026,16:00:00,,,,S0033,23,225686
P0564,P0564_19Kpa.jpg,19.0,10-20,Atel_Doash,High,Jute,Mature,29/05/2026,16:00:00,,,,S0033,23,215479
P0565,P0565_19Kpa.jpg,19.0,10-20,Atel_Doash,High,Jute,Mature,29/05/2026,16:00:00,,,,S0033,23,148678
P0566,P0566_19Kpa.jpg,19.0,10-20,Atel_Doash,High,Jute,Mature,29/05/2026,16:00:00,,,,S0033,23,250116
P0567,P0567_19Kpa.jpg,19.0,10-20,Atel_Doash,High,Jute,Mature,29/05/2026,16:00:00,,,,S0033,23,228640
P0568,P0568_19Kpa.jpg,19.0,10-20,Atel_Doash,High,Jute,Mature,29/05/2026,16:00:00,,,,S0033,23,182422
P0569,P0569_19Kpa.jpg,19.0,10-20,Atel_Doash,High,Jute,Mature,29/05/2026,16:00:00,,,,S0033,23,165354
P0570,P0570_19Kpa.jpg,19.0,10-20,Atel_Doash,High,Jute,Mature,29/05/2026,16:00:00,,,,S0033,23,132707
P0571,P0571_19Kpa.jpg,19.0,10-20,Atel_Doash,High,Jute,Mature,29/05/2026,16:00:00,,,,S0033,23,167405
P0572,P0572_19Kpa.jpg,19.0,10-20,Atel_Doash,High,Jute,Mature,29/05/2026,16:00:00,,,,S0033,23,175081
P0573,P0573_19Kpa.jpg,19.0,10-20,Atel_Doash,High,Jute,Mature,29/05/2026,16:00:00,,,,S0033,23,181850
P0574,P0574_19Kpa.jpg,19.0,10-20,Atel_Doash,High,Jute,Mature,29/05/2026,16:00:00,,,,S0033,23,247507
P0575,P0575_19Kpa.jpg,19.0,10-20,Atel_Doash,High,Jute,Mature,29/05/2026,16:00:00,,,,S0033,23,206034
P0576,P0576_19Kpa.jpg,19.0,10-20,Atel_Doash,High,Jute,Mature,29/05/2026,16:00:00,,,,S0033,23,233175
P0577,P0577_19Kpa.jpg,19.0,10-20,Atel_Doash,High,Jute,Mature,29/05/2026,16:00:00,,,,S0033,23,165122
P0578,P0578_14Kpa.jpg,14.0,10-20,Bele_Doash,Medium,No,Pre_hervest,29/05/2026,16:00:00,,,,S0034,79,300668
P0579,P0579_14Kpa.jpg,14.0,10-20,Bele_Doash,Medium,No,Pre_hervest,29/05/2026,16:00:00,,,,S0034,79,213149
P0580,P0580_14Kpa.jpg,14.0,10-20,Bele_Doash,Medium,No,Pre_hervest,29/05/2026,16:00:00,,,,S0034,79,211042
P0581,P0581_14Kpa.jpg,14.0,10-20,Bele_Doash,Medium,No,Pre_hervest,29/05/2026,16:00:00,,,,S0034,79,248167
P0582,P0582_14Kpa.jpg,14.0,10-20,Bele_Doash,Medium,No,Pre_hervest,29/05/2026,16:00:00,,,,S0034,79,168985
P0583,P0583_14Kpa.jpg,14.0,10-20,Bele_Doash,Medium,No,Pre_hervest,29/05/2026,16:00:00,,,,S0034,79,239709
P0584,P0584_14Kpa.jpg,14.0,10-20,Bele_Doash,Medium,No,Pre_hervest,29/05/2026,16:00:00,,,,S0034,79,191760
P0585,P0585_14Kpa.jpg,14.0,10-20,Bele_Doash,Medium,No,Pre_hervest,29/05/2026,16:00:00,,,,S0034,79,348964
P0586,P0586_14Kpa.jpg,14.0,10-20,Bele_Doash,Medium,No,Pre_hervest,29/05/2026,16:00:00,,,,S0034,79,238200
P0587,P0587_14Kpa.jpg,14.0,10-20,Bele_Doash,Medium,No,Pre_hervest,29/05/2026,16:00:00,,,,S0034,79,209886
P0588,P0588_14Kpa.jpg,14.0,10-20,Bele_Doash,Medium,No,Pre_hervest,29/05/2026,16:00:00,,,,S0034,79,293644
P0589,P0589_14Kpa.jpg,14.0,10-20,Bele_Doash,Medium,No,Pre_hervest,29/05/2026,16:00:00,,,,S0034,79,342591
P0590,P0590_14Kpa.jpg,14.0,10-20,Bele_Doash,Medium,No,Pre_hervest,29/05/2026,16:00:00,,,,S0034,79,239827
P0591,P0591_14Kpa.jpg,14.0,10-20,Bele_Doash,Medium,No,Pre_hervest,29/05/2026,16:00:00,,,,S0034,79,242669
P0592,P0592_14Kpa.jpg,14.0,10-20,Bele_Doash,Medium,No,Pre_hervest,29/05/2026,16:00:00,,,,S0034,79,240488
P0593,P0593_14Kpa.jpg,14.0,10-20,Bele_Doash,Medium,No,Pre_hervest,29/05/2026,16:00:00,,,,S0034,79,202338
P0594,P0594_14Kpa.jpg,14.0,10-20,Bele_Doash,Medium,No,Pre_hervest,29/05/2026,16:00:00,,,,S0034,79,200346
P0595,P0595_14Kpa.jpg,14.0,10-20,Bele_Doash,Medium,No,Pre_hervest,29/05/2026,16:00:00,,,,S0034,79,193439
P0596,P0596_14Kpa.jpg,14.0,10-20,Bele_Doash,Medium,No,Pre_hervest,29/05/2026,16:00:00,,,,S0034,79,189957
P0597,P0597_14Kpa.jpg,14.0,10-20,Bele_Doash,Medium,No,Pre_hervest,29/05/2026,16:00:00,,,,S0034,79,272909
P0598,P0598_14Kpa.jpg,14.0,10-20,Bele_Doash,Medium,No,Pre_hervest,29/05/2026,16:00:00,,,,S0034,79,280146
P0599,P0599_14Kpa.jpg,14.0,10-20,Bele_Doash,Medium,No,Pre_hervest,29/05/2026,16:00:00,,,,S0034,79,245726
P0600,P0600_14Kpa.jpg,14.0,10-20,Bele_Doash,Medium,No,Pre_hervest,29/05/2026,16:00:00,,,,S0034,79,238997
P0601,P0601_14Kpa.jpg,14.0,10-20,Bele_Doash,Medium,No,Pre_hervest,29/05/2026,16:00:00,,,,S0034,79,251630
P0602,P0602_14Kpa.jpg,14.0,10-20,Bele_Doash,Medium,No,Pre_hervest,29/05/2026,16:00:00,,,,S0034,79,242345
P0603,P0603_14Kpa.jpg,14.0,10-20,Bele_Doash,Medium,No,Pre_hervest,29/05/2026,16:00:00,,,,S0034,79,261195
P0604,P0604_14Kpa.jpg,14.0,10-20,Bele_Doash,Medium,No,Pre_hervest,29/05/2026,16:00:00,,,,S0034,79,318902
P0605,P0605_14Kpa.jpg,14.0,10-20,Bele_Doash,Medium,No,Pre_hervest,29/05/2026,16:00:00,,,,S0034,79,268307
P0606,P0606_14Kpa.jpg,14.0,10-20,Bele_Doash,Medium,No,Pre_hervest,29/05/2026,16:00:00,,,,S0034,79,288939
P0607,P0607_14Kpa.jpg,14.0,10-20,Bele_Doash,Medium,No,Pre_hervest,29/05/2026,16:00:00,,,,S0034,79,242601
P0608,P0608_14Kpa.jpg,14.0,10-20,Bele_Doash,Medium,No,Pre_hervest,29/05/2026,16:00:00,,,,S0034,79,322341
P0609,P0609_14Kpa.jpg,14.0,10-20,Bele_Doash,Medium,No,Pre_hervest,29/05/2026,16:00:00,,,,S0034,79,352368
P0610,P0610_14Kpa.jpg,14.0,10-20,Bele_Doash,Medium,No,Pre_hervest,29/05/2026,16:00:00,,,,S0034,79,301716
P0611,P0611_14Kpa.jpg,14.0,10-20,Bele_Doash,Medium,No,Pre_hervest,29/05/2026,16:00:00,,,,S0034,79,310812
P0612,P0612_14Kpa.jpg,14.0,10-20,Bele_Doash,Medium,No,Pre_hervest,29/05/2026,16:00:00,,,,S0034,79,250034
P0613,P0613_14Kpa.jpg,14.0,10-20,Bele_Doash,Medium,No,Pre_hervest,29/05/2026,16:00:00,,,,S0034,79,295989
P0614,P0614_14Kpa.jpg,14.0,10-20,Bele_Doash,Medium,No,Pre_hervest,29/05/2026,16:00:00,,,,S0034,79,275060
P0615,P0615_14Kpa.jpg,14.0,10-20,Bele_Doash,Medium,No,Pre_hervest,29/05/2026,16:00:00,,,,S0034,79,291024
P0616,P0616_14Kpa.jpg,14.0,10-20,Bele_Doash,Medium,No,Pre_hervest,29/05/2026,16:00:00,,,,S0034,79,271724
P0617,P0617_14Kpa.jpg,14.0,10-20,Bele_Doash,Medium,No,Pre_hervest,29/05/2026,16:00:00,,,,S0034,79,271153
P0618,P0618_14Kpa.jpg,14.0,10-20,Bele_Doash,Medium,No,Pre_hervest,29/05/2026,16:00:00,,,,S0034,79,305945
P0619,P0619_14Kpa.jpg,14.0,10-20,Bele_Doash,Medium,No,Pre_hervest,29/05/2026,16:00:00,,,,S0034,79,243201
P0620,P0620_14Kpa.jpg,14.0,10-20,Bele_Doash,Medium,No,Pre_hervest,29/05/2026,16:00:00,,,,S0034,79,353208
P0621,P0621_14Kpa.jpg,14.0,10-20,Bele_Doash,Medium,No,Pre_hervest,29/05/2026,16:00:00,,,,S0034,79,329014
P0622,P0622_14Kpa.jpg,14.0,10-20,Bele_Doash,Medium,No,Pre_hervest,29/05/2026,16:00:00,,,,S0034,79,342901
P0623,P0623_14Kpa.jpg,14.0,10-20,Bele_Doash,Medium,No,Pre_hervest,29/05/2026,16:00:00,,,,S0034,79,367750
P0624,P0624_14Kpa.jpg,14.0,10-20,Bele_Doash,Medium,No,Pre_hervest,29/05/2026,16:00:00,,,,S0034,79,473483
P0625,P0625_14Kpa.jpg,14.0,10-20,Bele_Doash,Medium,No,Pre_hervest,29/05/2026,16:00:00,,,,S0034,79,353598
P0626,P0626_14Kpa.jpg,14.0,10-20,Bele_Doash,Medium,No,Pre_hervest,29/05/2026,16:00:00,,,,S0034,79,349787
P0627,P0627_14Kpa.jpg,14.0,10-20,Bele_Doash,Medium,No,Pre_hervest,29/05/2026,16:00:00,,,,S0034,79,320472
P0628,P0628_14Kpa.jpg,14.0,10-20,Bele_Doash,Medium,No,Pre_hervest,29/05/2026,16:00:00,,,,S0034,79,374976
P0629,P0629_14Kpa.jpg,14.0,10-20,Bele_Doash,Medium,No,Pre_hervest,29/05/2026,16:00:00,,,,S0034,79,346844
P0630,P0630_14Kpa.jpg,14.0,10-20,Bele_Doash,Medium,No,Pre_hervest,29/05/2026,16:00:00,,,,S0034,79,383130
P0631,P0631_14Kpa.jpg,14.0,10-20,Bele_Doash,Medium,No,Pre_hervest,29/05/2026,16:00:00,,,,S0034,79,383130
P0632,P0632_14Kpa.jpg,14.0,10-20,Bele_Doash,Medium,No,Pre_hervest,29/05/2026,16:00:00,,,,S0034,79,324507
P0633,P0633_14Kpa.jpg,14.0,10-20,Bele_Doash,Medium,No,Pre_hervest,29/05/2026,16:00:00,,,,S0034,79,433990
P0634,P0634_14Kpa.jpg,14.0,10-20,Bele_Doash,Medium,No,Pre_hervest,29/05/2026,16:00:00,,,,S0034,79,418037
P0635,P0635_14Kpa.jpg,14.0,10-20,Bele_Doash,Medium,No,Pre_hervest,29/05/2026,16:00:00,,,,S0034,79,449352
P0636,P0636_14Kpa.jpg,14.0,10-20,Bele_Doash,Medium,No,Pre_hervest,29/05/2026,16:00:00,,,,S0034,79,332820
P0637,P0637_14Kpa.jpg,14.0,10-20,Bele_Doash,Medium,No,Pre_hervest,29/05/2026,16:00:00,,,,S0034,79,346459
P0638,P0638_14Kpa.jpg,14.0,10-20,Bele_Doash,Medium,No,Pre_hervest,29/05/2026,16:00:00,,,,S0034,79,466581
P0639,P0639_14Kpa.jpg,14.0,10-20,Bele_Doash,Medium,No,Pre_hervest,29/05/2026,16:00:00,,,,S0034,79,448734
P0640,P0640_14Kpa.jpg,14.0,10-20,Bele_Doash,Medium,No,Pre_hervest,29/05/2026,16:00:00,,,,S0034,79,455793
P0641,P0641_14Kpa.jpg,14.0,10-20,Bele_Doash,Medium,No,Pre_hervest,29/05/2026,16:00:00,,,,S0034,79,460639
P0642,P0642_14Kpa.jpg,14.0,10-20,Bele_Doash,Medium,No,Pre_hervest,29/05/2026,16:00:00,,,,S0034,79,464565
P0643,P0643_14Kpa.jpg,14.0,10-20,Bele_Doash,Medium,No,Pre_hervest,29/05/2026,16:00:00,,,,S0034,79,485564
P0644,P0644_14Kpa.jpg,14.0,10-20,Bele_Doash,Medium,No,Pre_hervest,29/05/2026,16:00:00,,,,S0034,79,472998
P0645,P0645_14Kpa.jpg,14.0,10-20,Bele_Doash,Medium,No,Pre_hervest,29/05/2026,16:00:00,,,,S0034,79,458089
P0646,P0646_13Kpa.jpg,13.0,10-20,Bele_Doash,Medium,No,Pre_hervest,29/05/2026,16:00:00,,,,S0034,79,458844
P0647,P0647_14Kpa.jpg,14.0,10-20,Bele_Doash,Medium,No,Pre_hervest,29/05/2026,16:00:00,,,,S0034,79,475558
P0648,P0648_14Kpa.jpg,14.0,10-20,Bele_Doash,Medium,No,Pre_hervest,29/05/2026,16:00:00,,,,S0034,79,478133
P0649,P0649_14Kpa.jpg,14.0,10-20,Bele_Doash,Medium,No,Pre_hervest,29/05/2026,16:00:00,,,,S0034,79,421072
P0650,P0650_14Kpa.jpg,14.0,10-20,Bele_Doash,Medium,No,Pre_hervest,29/05/2026,16:00:00,,,,S0034,79,474890
P0651,P0651_14Kpa.jpg,14.0,10-20,Bele_Doash,Medium,No,Pre_hervest,29/05/2026,16:00:00,,,,S0034,79,469300
P0652,P0652_14Kpa.jpg,14.0,10-20,Bele_Doash,Medium,No,Pre_hervest,29/05/2026,16:00:00,,,,S0034,79,458609
P0653,P0653_14Kpa.jpg,14.0,10-20,Bele_Doash,Medium,No,Pre_hervest,29/05/2026,16:00:00,,,,S0034,79,461069
P0654,P0654_14Kpa.jpg,14.0,10-20,Bele_Doash,Medium,No,Pre_hervest,29/05/2026,16:00:00,,,,S0034,79,451426
P0655,P0655_14Kpa.jpg,14.0,10-20,Bele_Doash,Medium,No,Pre_hervest,29/05/2026,16:00:00,,,,S0034,79,443451
P0656,P0656_14Kpa.jpg,14.0,10-20,Bele_Doash,Medium,No,Pre_hervest,29/05/2026,16:00:00,,,,S0034,79,450107
P0657,P0657_8Kpa.jpg,8.0,0-10,Bele_Doash,Low,Rich,Post_Harvest,29/05/2026,16:00:00,,,,S0035,14,195460
P0658,P0658_8Kpa.jpg,8.0,0-10,Bele_Doash,Low,Rich,Post_Harvest,29/05/2026,16:00:00,,,,S0035,14,258358
P0659,P0659_8Kpa.jpg,8.0,0-10,Bele_Doash,Low,Rich,Post_Harvest,29/05/2026,16:00:00,,,,S0035,14,296211
P0660,P0660_8Kpa.jpg,8.0,0-10,Bele_Doash,Low,Rich,Post_Harvest,29/05/2026,16:00:00,,,,S0035,14,265024
P0661,P0661_8Kpa.jpg,8.0,0-10,Bele_Doash,Low,Rich,Post_Harvest,29/05/2026,16:00:00,,,,S0035,14,273259
P0662,P0662_8Kpa.jpg,8.0,0-10,Bele_Doash,Low,Rich,Post_Harvest,29/05/2026,16:00:00,,,,S0035,14,294591
P0663,P0663_8Kpa.jpg,8.0,0-10,Bele_Doash,Low,Rich,Post_Harvest,29/05/2026,16:00:00,,,,S0035,14,153296
P0664,P0664_8Kpa.jpg,8.0,0-10,Bele_Doash,Low,Rich,Post_Harvest,29/05/2026,16:00:00,,,,S0035,14,167802
P0665,P0665_8Kpa.jpg,8.0,0-10,Bele_Doash,Low,Rich,Post_Harvest,29/05/2026,16:00:00,,,,S0035,14,261170
P0666,P0666_8Kpa.jpg,8.0,0-10,Bele_Doash,Low,Rich,Post_Harvest,29/05/2026,16:00:00,,,,S0035,14,215851
P0667,P0667_8Kpa.jpg,8.0,0-10,Bele_Doash,Low,Rich,Post_Harvest,29/05/2026,16:00:00,,,,S0035,14,199725
P0668,P0668_8Kpa.jpg,8.0,0-10,Bele_Doash,Low,Rich,Post_Harvest,29/05/2026,16:00:00,,,,S0035,14,206241
P0669,P0669_8Kpa.jpg,8.0,0-10,Bele_Doash,Low,Rich,Post_Harvest,29/05/2026,16:00:00,,,,S0035,14,291699
P0670,P0670_8Kpa.jpg,8.0,0-10,Bele_Doash,,Rich,,,,,,,S0035,14,290367
P0671,P0671_5Kpa.jpg,5.0,0-10,Bele_Doash,,Rich,,,,,,,S0036,1,300458
P0672,P0672_8Kpa.jpg,8.0,0-10,Bele_Doash,Low,Rich,Post_Harvest,29/05/2026,16:00:00,,,,S0037,6,289877
P0673,P0673_8Kpa.jpg,8.0,0-10,Bele_Doash,Low,Rich,Post_Harvest,29/05/2026,16:00:00,,,,S0037,6,303510
P0674,P0674_8Kpa.jpg,8.0,0-10,Bele_Doash,Low,Rich,Post_Harvest,29/05/2026,16:00:00,,,,S0037,6,260287
P0675,P0675_8Kpa.jpg,8.0,0-10,Bele_Doash,Low,Rich,Post_Harvest,29/05/2026,16:00:00,,,,S0037,6,281065
P0676,P0676_8Kpa.jpg,8.0,0-10,Bele_Doash,Low,Rich,Post_Harvest,29/05/2026,16:00:00,,,,S0037,6,269281
P0677,P0677_8Kpa.jpg,8.0,0-10,Bele_Doash,Low,Rich,Post_Harvest,29/05/2026,16:00:00,,,,S0037,6,307711
P0678,P0678_4Kpa.jpg,4.0,0-10,Bele_Doash,Low,Rich,Post_Harvest,29/05/2026,16:00:00,,,,S0038,2,224917
P0679,P0679_4Kpa.jpg,4.0,0-10,Bele_Doash,Low,Rich,Post_Harvest,29/05/2026,16:00:00,,,,S0038,2,234137
P0680,P0680_8Kpa.jpg,8.0,0-10,Bele_Doash,Low,Rich,Post_Harvest,29/05/2026,16:00:00,,,,S0039,5,257320
P0681,P0681_8Kpa.jpg,8.0,0-10,Bele_Doash,Low,Rich,Post_Harvest,29/05/2026,16:00:00,,,,S0039,5,324139
P0682,P0682_8Kpa.jpg,8.0,0-10,Bele_Doash,Low,Rich,Post_Harvest,29/05/2026,16:00:00,,,,S0039,5,217921
P0683,P0683_8Kpa.jpg,8.0,0-10,Bele_Doash,Low,Rich,Post_Harvest,29/05/2026,16:00:00,,,,S0039,5,217499
P0684,P0684_8Kpa.jpg,8.0,0-10,Bele_Doash,Low,Rich,Post_Harvest,29/05/2026,16:00:00,,,,S0039,5,282560
P0685,P0685_2Kpa.jpg,2.0,0-10,Bele_Doash,Low,Rich,Post_Harvest,29/05/2026,16:00:00,,,,S0040,1,245535
P0686,P0686_8Kpa.jpg,8.0,0-10,Bele_Doash,Low,Rich,Post_Harvest,29/05/2026,16:00:00,,,,S0041,5,167433
P0687,P0687_8Kpa.jpg,8.0,0-10,Bele_Doash,Low,Rich,Post_Harvest,29/05/2026,16:00:00,,,,S0041,5,227113
P0688,P0688_8Kpa.jpg,8.0,0-10,Bele_Doash,Low,Rich,Post_Harvest,29/05/2026,16:00:00,,,,S0041,5,245737
P0689,P0689_8Kpa.jpg,8.0,0-10,Bele_Doash,Low,Rich,Post_Harvest,29/05/2026,16:00:00,,,,S0041,5,196753
P0690,P0690_8Kpa.jpg,8.0,0-10,Bele_Doash,Low,Rich,Post_Harvest,29/05/2026,16:00:00,,,,S0041,5,251748
P0691,P0691_0Kpa.jpg,0.0,0-10,Bele_Doash,Medium,Jute,Mature,29/05/2026,16:00:00,,,,S0042,1,231804
P0692,P0692_4Kpa.jpg,4.0,0-10,Bele_Doash,Medium,Jute,Mature,29/05/2026,16:00:00,,,,S0043,1,176197
P0693,P0693_18Kpa.jpg,18.0,10-20,Bele_Doash,Medium,Grass,Mature,29/05/2026,16:00:00,,,,S0044,28,181220
P0694,P0694_18Kpa.jpg,18.0,10-20,Bele_Doash,Medium,Grass,Mature,29/05/2026,16:00:00,,,,S0044,28,165366
P0695,P0695_18Kpa.jpg,18.0,10-20,Bele_Doash,Medium,Grass,Mature,29/05/2026,16:00:00,,,,S0044,28,148452
P0696,P0696_18Kpa.jpg,18.0,10-20,Bele_Doash,Medium,Grass,Mature,29/05/2026,16:00:00,,,,S0044,28,262977
P0697,P0697_18Kpa.jpg,18.0,10-20,Bele_Doash,Medium,Grass,Mature,29/05/2026,16:00:00,,,,S0044,28,244697
P0698,P0698_18Kpa.jpg,18.0,10-20,Bele_Doash,Medium,Grass,Mature,29/05/2026,16:00:00,,,,S0044,28,223133
P0699,P0699_18Kpa.jpg,18.0,10-20,Bele_Doash,Medium,Grass,Mature,29/05/2026,16:00:00,,,,S0044,28,221477
P0700,P0700_18Kpa.jpg,18.0,10-20,Bele_Doash,Medium,Grass,Mature,29/05/2026,16:00:00,,,,S0044,28,193256
P0701,P0701_18Kpa.jpg,18.0,10-20,Bele_Doash,Medium,Grass,Mature,29/05/2026,16:00:00,,,,S0044,28,225060
P0702,P0702_18Kpa.jpg,18.0,10-20,Bele_Doash,Medium,Grass,Mature,29/05/2026,16:00:00,,,,S0044,28,206409
P0703,P0703_18Kpa.jpg,18.0,10-20,Bele_Doash,Medium,Grass,Mature,29/05/2026,16:00:00,,,,S0044,28,285611
P0704,P0704_18Kpa.jpg,18.0,10-20,Bele_Doash,Medium,Grass,Mature,29/05/2026,16:00:00,,,,S0044,28,221161
P0705,P0705_18Kpa.jpg,18.0,10-20,Bele_Doash,Medium,Grass,Mature,29/05/2026,16:00:00,,,,S0044,28,221161
P0706,P0706_18Kpa.jpg,18.0,10-20,Bele_Doash,Medium,Grass,Mature,29/05/2026,16:00:00,,,,S0044,28,210784
P0707,P0707_18Kpa.jpg,18.0,10-20,Bele_Doash,Medium,Grass,Mature,29/05/2026,16:00:00,,,,S0044,28,283721
P0708,P0708_18Kpa.jpg,18.0,10-20,Bele_Doash,Medium,Grass,Mature,29/05/2026,16:00:00,,,,S0044,28,234468
P0709,P0709_18Kpa.jpg,18.0,10-20,Bele_Doash,Medium,Grass,Mature,29/05/2026,16:00:00,,,,S0044,28,255961
P0710,P0710_18Kpa.jpg,18.0,10-20,Bele_Doash,Medium,Grass,Mature,29/05/2026,16:00:00,,,,S0044,28,217077
P0711,P0711_18Kpa.jpg,18.0,10-20,Bele_Doash,Medium,Grass,Mature,29/05/2026,16:00:00,,,,S0044,28,245992
P0712,P0712_18Kpa.jpg,18.0,10-20,Bele_Doash,Medium,Grass,Mature,29/05/2026,16:00:00,,,,S0044,28,365379
P0713,P0713_18Kpa.jpg,18.0,10-20,Bele_Doash,Medium,Grass,Mature,29/05/2026,16:00:00,,,,S0044,28,363679
P0714,P0714_18Kpa.jpg,18.0,10-20,Bele_Doash,Medium,Grass,Mature,29/05/2026,16:00:00,,,,S0044,28,258487
P0715,P0715_18Kpa.jpg,18.0,10-20,Bele_Doash,Medium,Grass,Mature,29/05/2026,16:00:00,,,,S0044,28,293225
P0716,P0716_18Kpa.jpg,18.0,10-20,Bele_Doash,Medium,Grass,Mature,29/05/2026,16:00:00,,,,S0044,28,228689
P0717,P0717_18Kpa.jpg,18.0,10-20,Bele_Doash,Medium,Grass,Mature,29/05/2026,16:00:00,,,,S0044,28,131754
P0718,P0718_18Kpa.jpg,18.0,10-20,Bele_Doash,Medium,Grass,Mature,29/05/2026,16:00:00,,,,S0044,28,215218
P0719,P0719_18Kpa.jpg,18.0,10-20,Bele_Doash,Medium,Grass,Mature,29/05/2026,16:00:00,,,,S0044,28,158937
P0720,P0720_18Kpa.jpg,18.0,10-20,Bele_Doash,Medium,Grass,Mature,29/05/2026,16:00:00,,,,S0044,28,213990
P0721,P0721_20.5Kpa.jpg,20.5,20-22,Atel_Doash,High,Mango,Mature,29/05/2026,16:00:00,,,,S0045,1,110686
P0722,P0722_15.6Kpa.jpg,15.6,10-20,Doash,High,Grass,Mature,29/05/2026,16:00:00,,,,S0046,1,230624
