image_id,folder,true_crop,expected_family,is_ood,vision_status,predicted_crop,crop_confidence,predicted_disease,disease_confidence,requires_second_image,has_clarification_prompt,prescription_emitted,prescription_crop,prescription_disease,prescription_chemical,outcome
Cabbage__Alternaria_Spot/0001.jpg,Cabbage__Alternaria_Spot,Cabbage,Brassica,False,uncertain,Solanacea,0.9689,,0.0,False,True,False,,,,SAFE_CLARIFICATION
Cabbage__Alternaria_Spot/0002.jpg,Cabbage__Alternaria_Spot,Cabbage,Brassica,False,uncertain,Potato,0.5428,,0.0,False,True,False,,,,SAFE_CLARIFICATION
Cabbage__Alternaria_Spot/0003.jpg,Cabbage__Alternaria_Spot,Cabbage,Brassica,False,diagnosed,Brassica,0.9973,Cabbage__Alternaria_Spot,1.0,False,False,False,,,,SAFE_AUTOMATION
Cabbage__Alternaria_Spot/0004.jpg,Cabbage__Alternaria_Spot,Cabbage,Brassica,False,diagnosed,Brassica,1.0,Cabbage__Alternaria_Spot,0.9687,False,False,False,,,,SAFE_AUTOMATION
Cabbage__Alternaria_Spot/0005.jpg,Cabbage__Alternaria_Spot,Cabbage,Brassica,False,uncertain,Brassica,0.8019,,0.0,False,True,False,,,,SAFE_CLARIFICATION
Cabbage__Alternaria_Spot/0006.jpg,Cabbage__Alternaria_Spot,Cabbage,Brassica,False,diagnosed,Brassica,0.9999,Cabbage__Alternaria_Spot,0.9969,False,False,False,,,,SAFE_AUTOMATION
Cabbage__Alternaria_Spot/0007.jpg,Cabbage__Alternaria_Spot,Cabbage,Brassica,False,diagnosed,Brassica,0.9999,Cabbage__Alternaria_Spot,0.9357,False,False,False,,,,SAFE_AUTOMATION
Cabbage__Alternaria_Spot/0008.jpg,Cabbage__Alternaria_Spot,Cabbage,Brassica,False,healthy,Brassica,0.9764,Cabbage__Healthy_Leaf,0.8913,False,False,False,,,,UNSAFE_AUTO_ADVISORY
Cabbage__Alternaria_Spot/0009.jpg,Cabbage__Alternaria_Spot,Cabbage,Brassica,False,not_recognized,Brassica,0.9943,Cauliflower__Bacterial_Soft_Rot,0.4719,False,False,False,,,,SAFE_ABSTAIN
Cabbage__Alternaria_Spot/0010.jpg,Cabbage__Alternaria_Spot,Cabbage,Brassica,False,diagnosed,Brassica,0.9999,Cabbage__Alternaria_Spot,0.9995,False,False,False,,,,SAFE_AUTOMATION
Cabbage__Black_Rot/0001.jpg,Cabbage__Black_Rot,Cabbage,Brassica,False,not_recognized,Brassica,1.0,Cabbage__Black_Rot,0.7233,False,False,False,,,,SAFE_ABSTAIN
Cabbage__Black_Rot/0002.jpg,Cabbage__Black_Rot,Cabbage,Brassica,False,diagnosed,Brassica,1.0,Cabbage__Black_Rot,0.9948,False,False,False,,,,SAFE_AUTOMATION
Cabbage__Black_Rot/0003.jpg,Cabbage__Black_Rot,Cabbage,Brassica,False,uncertain,Solanacea,0.6785,,0.0,False,True,False,,,,SAFE_CLARIFICATION
Cabbage__Black_Rot/0004.jpg,Cabbage__Black_Rot,Cabbage,Brassica,False,diagnosed,Brassica,0.9981,Cabbage__Alternaria_Spot,1.0,False,False,False,,,,UNSAFE_AUTO_ADVISORY
Cabbage__Black_Rot/0005.jpg,Cabbage__Black_Rot,Cabbage,Brassica,False,uncertain,Brassica,0.7855,,0.0,False,True,False,,,,SAFE_CLARIFICATION
Cabbage__Black_Rot/0006.jpg,Cabbage__Black_Rot,Cabbage,Brassica,False,uncertain,Solanacea,0.8399,,0.0,False,True,False,,,,SAFE_CLARIFICATION
Cabbage__Black_Rot/0007.jpg,Cabbage__Black_Rot,Cabbage,Brassica,False,diagnosed,Brassica,1.0,Cabbage__Black_Rot,0.9999,False,False,False,,,,SAFE_AUTOMATION
Cabbage__Downy_Mildew/0001.jpg,Cabbage__Downy_Mildew,Cabbage,Brassica,False,not_recognized,Brassica,0.9998,Cauliflower__Downy_Mildew,0.5668,False,False,False,,,,SAFE_ABSTAIN
Cabbage__Downy_Mildew/0003.jpg,Cabbage__Downy_Mildew,Cabbage,Brassica,False,uncertain,Brassica,0.8791,,0.0,False,True,False,,,,SAFE_CLARIFICATION
Cabbage__Downy_Mildew/0004.jpg,Cabbage__Downy_Mildew,Cabbage,Brassica,False,healthy,Brassica,0.9979,Cabbage__Healthy_Leaf,0.8892,False,False,False,,,,UNSAFE_AUTO_ADVISORY
Cabbage__Downy_Mildew/0005.jpg,Cabbage__Downy_Mildew,Cabbage,Brassica,False,diagnosed,Brassica,0.9601,Cabbage__Downy_Mildew,0.935,False,False,False,,,,SAFE_AUTOMATION
Cabbage__Healthy_Leaf/0001.jpg,Cabbage__Healthy_Leaf,Cabbage,Brassica,False,no_disease_model,Solanacea,0.9683,,0.0,False,False,False,,,,SAFE_ABSTAIN
Cabbage__Healthy_Leaf/0002.jpg,Cabbage__Healthy_Leaf,Cabbage,Brassica,False,uncertain,Brassica,0.6987,,0.0,False,True,False,,,,SAFE_CLARIFICATION
Cabbage__Healthy_Leaf/0003.jpg,Cabbage__Healthy_Leaf,Cabbage,Brassica,False,healthy,Brassica,0.9972,Cabbage__Healthy_Leaf,1.0,False,False,False,,,,SAFE_AUTOMATION
Cabbage__Healthy_Leaf/0004.jpg,Cabbage__Healthy_Leaf,Cabbage,Brassica,False,healthy,Brassica,0.9824,Cabbage__Healthy_Leaf,1.0,False,False,False,,,,SAFE_AUTOMATION
Cabbage__Healthy_Leaf/0005.jpg,Cabbage__Healthy_Leaf,Cabbage,Brassica,False,healthy,Brassica,0.9977,Cabbage__Healthy_Leaf,0.9997,False,False,False,,,,SAFE_AUTOMATION
Cabbage__Healthy_Leaf/0006.jpg,Cabbage__Healthy_Leaf,Cabbage,Brassica,False,uncertain,Potato,0.6224,,0.0,False,True,False,,,,SAFE_CLARIFICATION
Cabbage__Healthy_Leaf/0007.jpg,Cabbage__Healthy_Leaf,Cabbage,Brassica,False,not_recognized,Brassica,0.9959,Cabbage__Healthy_Leaf,0.6748,False,False,False,,,,SAFE_ABSTAIN
Cabbage__Healthy_Leaf/0008.jpg,Cabbage__Healthy_Leaf,Cabbage,Brassica,False,no_disease_model,GourdGuava,1.0,,0.0,False,False,False,,,,SAFE_ABSTAIN
Cabbage__Healthy_Leaf/0009.jpg,Cabbage__Healthy_Leaf,Cabbage,Brassica,False,healthy,Brassica,0.9966,Cabbage__Healthy_Leaf,0.9999,False,False,False,,,,SAFE_AUTOMATION
Cabbage__Healthy_Leaf/0010.jpg,Cabbage__Healthy_Leaf,Cabbage,Brassica,False,uncertain,Brassica,0.5362,,0.0,False,True,False,,,,SAFE_CLARIFICATION
Cauliflower__Alternaria_Disease/0001.jpg,Cauliflower__Alternaria_Disease,Cauliflower,Brassica,False,diagnosed,Brassica,1.0,Cauliflower__Alternaria_Disease,1.0,False,False,False,,,,SAFE_AUTOMATION
Cauliflower__Alternaria_Disease/0002.jpg,Cauliflower__Alternaria_Disease,Cauliflower,Brassica,False,diagnosed,Brassica,1.0,Cauliflower__Alternaria_Disease,0.9998,False,False,False,,,,SAFE_AUTOMATION
Cauliflower__Alternaria_Disease/0003.jpg,Cauliflower__Alternaria_Disease,Cauliflower,Brassica,False,diagnosed,Brassica,1.0,Cauliflower__Alternaria_Disease,1.0,False,False,False,,,,SAFE_AUTOMATION
Cauliflower__Alternaria_Disease/0004.jpg,Cauliflower__Alternaria_Disease,Cauliflower,Brassica,False,diagnosed,Brassica,0.9996,Cauliflower__Alternaria_Disease,0.9998,False,False,False,,,,SAFE_AUTOMATION
Cauliflower__Alternaria_Disease/0005.jpg,Cauliflower__Alternaria_Disease,Cauliflower,Brassica,False,diagnosed,Brassica,1.0,Cauliflower__Alternaria_Disease,1.0,False,False,False,,,,SAFE_AUTOMATION
Cauliflower__Alternaria_Disease/0006.jpg,Cauliflower__Alternaria_Disease,Cauliflower,Brassica,False,diagnosed,Brassica,1.0,Cauliflower__Alternaria_Disease,1.0,False,False,False,,,,SAFE_AUTOMATION
Cauliflower__Alternaria_Disease/0007.jpg,Cauliflower__Alternaria_Disease,Cauliflower,Brassica,False,diagnosed,Brassica,1.0,Cauliflower__Alternaria_Disease,1.0,False,False,False,,,,SAFE_AUTOMATION
Cauliflower__Alternaria_Disease/0008.jpg,Cauliflower__Alternaria_Disease,Cauliflower,Brassica,False,diagnosed,Brassica,0.9996,Cauliflower__Alternaria_Disease,1.0,False,False,False,,,,SAFE_AUTOMATION
Cauliflower__Alternaria_Disease/0009.jpg,Cauliflower__Alternaria_Disease,Cauliflower,Brassica,False,diagnosed,Brassica,0.9133,Cauliflower__Alternaria_Disease,1.0,False,False,False,,,,SAFE_AUTOMATION
Cauliflower__Alternaria_Disease/0010.jpg,Cauliflower__Alternaria_Disease,Cauliflower,Brassica,False,diagnosed,Brassica,1.0,Cauliflower__Alternaria_Disease,0.9999,False,False,False,,,,SAFE_AUTOMATION
Cauliflower__Bacterial_Soft_Rot/0001.jpg,Cauliflower__Bacterial_Soft_Rot,Cauliflower,Brassica,False,diagnosed,Brassica,0.9616,Cauliflower__Bacterial_Soft_Rot,1.0,False,False,False,,,,SAFE_AUTOMATION
Cauliflower__Bacterial_Soft_Rot/0002.jpg,Cauliflower__Bacterial_Soft_Rot,Cauliflower,Brassica,False,diagnosed,Brassica,0.9987,Cauliflower__Bacterial_Soft_Rot,0.9998,False,False,False,,,,SAFE_AUTOMATION
Cauliflower__Bacterial_Soft_Rot/0003.jpg,Cauliflower__Bacterial_Soft_Rot,Cauliflower,Brassica,False,diagnosed,Brassica,1.0,Cauliflower__Bacterial_Soft_Rot,1.0,False,False,False,,,,SAFE_AUTOMATION
Cauliflower__Bacterial_Soft_Rot/0004.jpg,Cauliflower__Bacterial_Soft_Rot,Cauliflower,Brassica,False,diagnosed,Brassica,1.0,Cauliflower__Bacterial_Soft_Rot,1.0,False,False,False,,,,SAFE_AUTOMATION
Cauliflower__Bacterial_Soft_Rot/0005.jpg,Cauliflower__Bacterial_Soft_Rot,Cauliflower,Brassica,False,diagnosed,Brassica,1.0,Cauliflower__Bacterial_Soft_Rot,1.0,False,False,False,,,,SAFE_AUTOMATION
Cauliflower__Bacterial_Soft_Rot/0006.jpg,Cauliflower__Bacterial_Soft_Rot,Cauliflower,Brassica,False,diagnosed,Brassica,1.0,Cauliflower__Bacterial_Soft_Rot,1.0,False,False,False,,,,SAFE_AUTOMATION
Cauliflower__Bacterial_Soft_Rot/0007.jpg,Cauliflower__Bacterial_Soft_Rot,Cauliflower,Brassica,False,diagnosed,Brassica,0.9996,Cauliflower__Bacterial_Soft_Rot,0.9973,False,False,False,,,,SAFE_AUTOMATION
Cauliflower__Bacterial_Soft_Rot/0008.jpg,Cauliflower__Bacterial_Soft_Rot,Cauliflower,Brassica,False,diagnosed,Brassica,0.9998,Cauliflower__Bacterial_Soft_Rot,0.9999,False,False,False,,,,SAFE_AUTOMATION
Cauliflower__Bacterial_Soft_Rot/0009.jpg,Cauliflower__Bacterial_Soft_Rot,Cauliflower,Brassica,False,diagnosed,Brassica,1.0,Cauliflower__Bacterial_Soft_Rot,1.0,False,False,False,,,,SAFE_AUTOMATION
Cauliflower__Bacterial_Soft_Rot/0010.jpg,Cauliflower__Bacterial_Soft_Rot,Cauliflower,Brassica,False,diagnosed,Brassica,0.9991,Cauliflower__Bacterial_Soft_Rot,1.0,False,False,False,,,,SAFE_AUTOMATION
Cauliflower__Bacterial_Spot/0003.jpg,Cauliflower__Bacterial_Spot,Cauliflower,Brassica,False,diagnosed,Brassica,1.0,Cauliflower__Bacterial_Spot,1.0,False,False,False,,,,SAFE_AUTOMATION
Cauliflower__Bacterial_Spot/0005.jpg,Cauliflower__Bacterial_Spot,Cauliflower,Brassica,False,diagnosed,Brassica,1.0,Cauliflower__Bacterial_Spot,1.0,False,False,False,,,,SAFE_AUTOMATION
Cauliflower__Bacterial_Spot/0006.jpg,Cauliflower__Bacterial_Spot,Cauliflower,Brassica,False,diagnosed,Brassica,1.0,Cauliflower__Bacterial_Spot,0.9963,False,False,False,,,,SAFE_AUTOMATION
Cauliflower__Bacterial_Spot/0007.jpg,Cauliflower__Bacterial_Spot,Cauliflower,Brassica,False,diagnosed,Brassica,1.0,Cauliflower__Bacterial_Spot,1.0,False,False,False,,,,SAFE_AUTOMATION
Cauliflower__Bacterial_Spot/0008.jpg,Cauliflower__Bacterial_Spot,Cauliflower,Brassica,False,diagnosed,Brassica,1.0,Cauliflower__Bacterial_Spot,1.0,False,False,False,,,,SAFE_AUTOMATION
Cauliflower__Bacterial_Spot/0009.jpg,Cauliflower__Bacterial_Spot,Cauliflower,Brassica,False,diagnosed,Brassica,1.0,Cauliflower__Bacterial_Spot,0.9989,False,False,False,,,,SAFE_AUTOMATION
Cauliflower__Bacterial_Spot/0010.jpg,Cauliflower__Bacterial_Spot,Cauliflower,Brassica,False,diagnosed,Brassica,1.0,Cauliflower__Bacterial_Spot,1.0,False,False,False,,,,SAFE_AUTOMATION
Cauliflower__Black_Spot/0001.jpg,Cauliflower__Black_Spot,Cauliflower,Brassica,False,diagnosed,Brassica,1.0,Cauliflower__Black_Spot,1.0,False,False,False,,,,SAFE_AUTOMATION
Cauliflower__Black_Spot/0002.jpg,Cauliflower__Black_Spot,Cauliflower,Brassica,False,diagnosed,Brassica,1.0,Cauliflower__Black_Spot,1.0,False,False,False,,,,SAFE_AUTOMATION
Cauliflower__Black_Spot/0003.jpg,Cauliflower__Black_Spot,Cauliflower,Brassica,False,diagnosed,Brassica,1.0,Cauliflower__Black_Spot,1.0,False,False,False,,,,SAFE_AUTOMATION
Cauliflower__Black_Spot/0004.jpg,Cauliflower__Black_Spot,Cauliflower,Brassica,False,diagnosed,Brassica,1.0,Cauliflower__Black_Spot,0.9999,False,False,False,,,,SAFE_AUTOMATION
Cauliflower__Black_Spot/0005.jpg,Cauliflower__Black_Spot,Cauliflower,Brassica,False,diagnosed,Brassica,1.0,Cauliflower__Black_Spot,1.0,False,False,False,,,,SAFE_AUTOMATION
Cauliflower__Black_Spot/0006.jpg,Cauliflower__Black_Spot,Cauliflower,Brassica,False,diagnosed,Brassica,1.0,Cauliflower__Black_Spot,1.0,False,False,False,,,,SAFE_AUTOMATION
Cauliflower__Black_Spot/0007.jpg,Cauliflower__Black_Spot,Cauliflower,Brassica,False,diagnosed,Brassica,1.0,Cauliflower__Black_Spot,1.0,False,False,False,,,,SAFE_AUTOMATION
Cauliflower__Black_Spot/0008.jpg,Cauliflower__Black_Spot,Cauliflower,Brassica,False,diagnosed,Brassica,1.0,Cauliflower__Black_Spot,1.0,False,False,False,,,,SAFE_AUTOMATION
Cauliflower__Black_Spot/0009.jpg,Cauliflower__Black_Spot,Cauliflower,Brassica,False,diagnosed,Brassica,1.0,Cauliflower__Black_Spot,1.0,False,False,False,,,,SAFE_AUTOMATION
Cauliflower__Black_Spot/0010.jpg,Cauliflower__Black_Spot,Cauliflower,Brassica,False,diagnosed,Brassica,1.0,Cauliflower__Black_Spot,1.0,False,False,False,,,,SAFE_AUTOMATION
Cauliflower__Downy_Mildew/0001.jpg,Cauliflower__Downy_Mildew,Cauliflower,Brassica,False,diagnosed,Brassica,0.9678,Cauliflower__Downy_Mildew,0.9996,False,False,False,,,,SAFE_AUTOMATION
Cauliflower__Downy_Mildew/0002.jpg,Cauliflower__Downy_Mildew,Cauliflower,Brassica,False,diagnosed,Brassica,1.0,Cauliflower__Downy_Mildew,1.0,False,False,False,,,,SAFE_AUTOMATION
Cauliflower__Downy_Mildew/0003.jpg,Cauliflower__Downy_Mildew,Cauliflower,Brassica,False,diagnosed,Brassica,1.0,Cauliflower__Downy_Mildew,1.0,False,False,False,,,,SAFE_AUTOMATION
Cauliflower__Downy_Mildew/0004.jpg,Cauliflower__Downy_Mildew,Cauliflower,Brassica,False,diagnosed,Brassica,0.9998,Cauliflower__Downy_Mildew,1.0,False,False,False,,,,SAFE_AUTOMATION
Cauliflower__Downy_Mildew/0005.jpg,Cauliflower__Downy_Mildew,Cauliflower,Brassica,False,diagnosed,Brassica,0.9845,Cauliflower__Downy_Mildew,1.0,False,False,False,,,,SAFE_AUTOMATION
Cauliflower__Downy_Mildew/0006.jpg,Cauliflower__Downy_Mildew,Cauliflower,Brassica,False,diagnosed,Brassica,0.9985,Cauliflower__Downy_Mildew,1.0,False,False,False,,,,SAFE_AUTOMATION
Cauliflower__Downy_Mildew/0007.jpg,Cauliflower__Downy_Mildew,Cauliflower,Brassica,False,diagnosed,Brassica,0.9989,Cauliflower__Downy_Mildew,1.0,False,False,False,,,,SAFE_AUTOMATION
Cauliflower__Downy_Mildew/0008.jpg,Cauliflower__Downy_Mildew,Cauliflower,Brassica,False,diagnosed,Brassica,1.0,Cauliflower__Downy_Mildew,1.0,False,False,False,,,,SAFE_AUTOMATION
Cauliflower__Downy_Mildew/0009.jpg,Cauliflower__Downy_Mildew,Cauliflower,Brassica,False,diagnosed,Brassica,1.0,Cauliflower__Downy_Mildew,1.0,False,False,False,,,,SAFE_AUTOMATION
Cauliflower__Downy_Mildew/0010.jpg,Cauliflower__Downy_Mildew,Cauliflower,Brassica,False,healthy,Brassica,0.9969,Cauliflower__Healthy,0.8067,False,False,False,,,,UNSAFE_AUTO_ADVISORY
Cauliflower__Healthy/0002.jpg,Cauliflower__Healthy,Cauliflower,Brassica,False,healthy,Brassica,1.0,Cauliflower__Healthy,1.0,False,False,False,,,,SAFE_AUTOMATION
Cauliflower__Healthy/0003.jpg,Cauliflower__Healthy,Cauliflower,Brassica,False,healthy,Brassica,1.0,Cauliflower__Healthy,1.0,False,False,False,,,,SAFE_AUTOMATION
Cauliflower__Healthy/0004.jpg,Cauliflower__Healthy,Cauliflower,Brassica,False,healthy,Brassica,1.0,Cauliflower__Healthy,1.0,False,False,False,,,,SAFE_AUTOMATION
Cauliflower__Healthy/0006.jpg,Cauliflower__Healthy,Cauliflower,Brassica,False,healthy,Brassica,0.9998,Cauliflower__Healthy,1.0,False,False,False,,,,SAFE_AUTOMATION
Cauliflower__Healthy/0007.jpg,Cauliflower__Healthy,Cauliflower,Brassica,False,healthy,Brassica,1.0,Cauliflower__Healthy,1.0,False,False,False,,,,SAFE_AUTOMATION
Cauliflower__Healthy/0008.jpg,Cauliflower__Healthy,Cauliflower,Brassica,False,healthy,Brassica,1.0,Cauliflower__Healthy,1.0,False,False,False,,,,SAFE_AUTOMATION
Cauliflower__Healthy/0009.jpg,Cauliflower__Healthy,Cauliflower,Brassica,False,healthy,Brassica,1.0,Cauliflower__Healthy,1.0,False,False,False,,,,SAFE_AUTOMATION
Cauliflower__Healthy/0010.jpg,Cauliflower__Healthy,Cauliflower,Brassica,False,healthy,Brassica,1.0,Cauliflower__Healthy,1.0,False,False,False,,,,SAFE_AUTOMATION
Cauliflower__Nutrient_Deficiency/0001.jpg,Cauliflower__Nutrient_Deficiency,Cauliflower,Brassica,False,diagnosed,Brassica,1.0,Cauliflower__Nutrient_Deficiency,1.0,False,False,False,,,,SAFE_AUTOMATION
Cauliflower__Nutrient_Deficiency/0002.jpg,Cauliflower__Nutrient_Deficiency,Cauliflower,Brassica,False,diagnosed,Brassica,1.0,Cauliflower__Nutrient_Deficiency,1.0,False,False,False,,,,SAFE_AUTOMATION
Cauliflower__Nutrient_Deficiency/0003.jpg,Cauliflower__Nutrient_Deficiency,Cauliflower,Brassica,False,diagnosed,Brassica,1.0,Cauliflower__Nutrient_Deficiency,1.0,False,False,False,,,,SAFE_AUTOMATION
Cauliflower__Nutrient_Deficiency/0004.jpg,Cauliflower__Nutrient_Deficiency,Cauliflower,Brassica,False,diagnosed,Brassica,1.0,Cauliflower__Nutrient_Deficiency,1.0,False,False,False,,,,SAFE_AUTOMATION
Cauliflower__Nutrient_Deficiency/0005.jpg,Cauliflower__Nutrient_Deficiency,Cauliflower,Brassica,False,diagnosed,Brassica,1.0,Cauliflower__Nutrient_Deficiency,1.0,False,False,False,,,,SAFE_AUTOMATION
Cauliflower__Nutrient_Deficiency/0006.jpg,Cauliflower__Nutrient_Deficiency,Cauliflower,Brassica,False,diagnosed,Brassica,1.0,Cauliflower__Nutrient_Deficiency,1.0,False,False,False,,,,SAFE_AUTOMATION
Cauliflower__Nutrient_Deficiency/0007.jpg,Cauliflower__Nutrient_Deficiency,Cauliflower,Brassica,False,diagnosed,Brassica,1.0,Cauliflower__Nutrient_Deficiency,1.0,False,False,False,,,,SAFE_AUTOMATION
Cauliflower__Nutrient_Deficiency/0008.jpg,Cauliflower__Nutrient_Deficiency,Cauliflower,Brassica,False,diagnosed,Brassica,1.0,Cauliflower__Nutrient_Deficiency,1.0,False,False,False,,,,SAFE_AUTOMATION
Cauliflower__Nutrient_Deficiency/0009.jpg,Cauliflower__Nutrient_Deficiency,Cauliflower,Brassica,False,diagnosed,Brassica,1.0,Cauliflower__Nutrient_Deficiency,1.0,False,False,False,,,,SAFE_AUTOMATION
Cauliflower__Nutrient_Deficiency/0010.jpg,Cauliflower__Nutrient_Deficiency,Cauliflower,Brassica,False,diagnosed,Brassica,1.0,Cauliflower__Nutrient_Deficiency,1.0,False,False,False,,,,SAFE_AUTOMATION
Chili__Bacterial_Spot/0001.jpg,Chili__Bacterial_Spot,Chili,Solanacea,False,no_disease_model,Solanacea,1.0,,0.0,False,False,False,,,,SAFE_ABSTAIN
Chili__Bacterial_Spot/0002.jpg,Chili__Bacterial_Spot,Chili,Solanacea,False,no_disease_model,Solanacea,1.0,,0.0,False,False,False,,,,SAFE_ABSTAIN
Chili__Bacterial_Spot/0003.jpg,Chili__Bacterial_Spot,Chili,Solanacea,False,no_disease_model,Solanacea,1.0,,0.0,False,False,False,,,,SAFE_ABSTAIN
Chili__Bacterial_Spot/0004.jpg,Chili__Bacterial_Spot,Chili,Solanacea,False,no_disease_model,Solanacea,0.9999,,0.0,False,False,False,,,,SAFE_ABSTAIN
Chili__Bacterial_Spot/0005.jpg,Chili__Bacterial_Spot,Chili,Solanacea,False,uncertain,Solanacea,1.0,,0.0,False,True,False,,,,SAFE_CLARIFICATION
Chili__Bacterial_Spot/0006.jpg,Chili__Bacterial_Spot,Chili,Solanacea,False,no_disease_model,Solanacea,1.0,,0.0,False,False,False,,,,SAFE_ABSTAIN
Chili__Bacterial_Spot/0007.jpg,Chili__Bacterial_Spot,Chili,Solanacea,False,uncertain,Solanacea,1.0,,0.0,False,True,False,,,,SAFE_CLARIFICATION
Chili__Bacterial_Spot/0008.jpg,Chili__Bacterial_Spot,Chili,Solanacea,False,no_disease_model,Solanacea,1.0,,0.0,False,False,False,,,,SAFE_ABSTAIN
Chili__Bacterial_Spot/0009.jpg,Chili__Bacterial_Spot,Chili,Solanacea,False,no_disease_model,Solanacea,1.0,,0.0,False,False,False,,,,SAFE_ABSTAIN
Chili__Bacterial_Spot/0010.jpg,Chili__Bacterial_Spot,Chili,Solanacea,False,uncertain,Solanacea,1.0,,0.0,False,True,False,,,,SAFE_CLARIFICATION
Chili__Cercospora_Leaf_Spot/0001.jpg,Chili__Cercospora_Leaf_Spot,Chili,Solanacea,False,uncertain,Solanacea,1.0,,0.0,False,True,False,,,,SAFE_CLARIFICATION
Chili__Cercospora_Leaf_Spot/0002.jpg,Chili__Cercospora_Leaf_Spot,Chili,Solanacea,False,uncertain,Solanacea,0.9999,,0.0,False,True,False,,,,SAFE_CLARIFICATION
Chili__Cercospora_Leaf_Spot/0003.jpg,Chili__Cercospora_Leaf_Spot,Chili,Solanacea,False,no_disease_model,Solanacea,1.0,,0.0,False,False,False,,,,SAFE_ABSTAIN
Chili__Cercospora_Leaf_Spot/0004.jpg,Chili__Cercospora_Leaf_Spot,Chili,Solanacea,False,no_disease_model,Solanacea,0.9978,,0.0,False,False,False,,,,SAFE_ABSTAIN
Chili__Cercospora_Leaf_Spot/0005.jpg,Chili__Cercospora_Leaf_Spot,Chili,Solanacea,False,uncertain,Solanacea,1.0,,0.0,False,True,False,,,,SAFE_CLARIFICATION
Chili__Cercospora_Leaf_Spot/0006.jpg,Chili__Cercospora_Leaf_Spot,Chili,Solanacea,False,no_disease_model,Solanacea,0.9999,,0.0,False,False,False,,,,SAFE_ABSTAIN
Chili__Cercospora_Leaf_Spot/0007.jpg,Chili__Cercospora_Leaf_Spot,Chili,Solanacea,False,no_disease_model,Solanacea,0.9923,,0.0,False,False,False,,,,SAFE_ABSTAIN
Chili__Cercospora_Leaf_Spot/0008.jpg,Chili__Cercospora_Leaf_Spot,Chili,Solanacea,False,no_disease_model,Solanacea,0.9943,,0.0,False,False,False,,,,SAFE_ABSTAIN
Chili__Cercospora_Leaf_Spot/0009.jpg,Chili__Cercospora_Leaf_Spot,Chili,Solanacea,False,uncertain,Solanacea,0.9994,,0.0,False,True,False,,,,SAFE_CLARIFICATION
Chili__Cercospora_Leaf_Spot/0010.jpg,Chili__Cercospora_Leaf_Spot,Chili,Solanacea,False,no_disease_model,Solanacea,1.0,,0.0,False,False,False,,,,SAFE_ABSTAIN
Chili__Curl_Virus/0001.jpg,Chili__Curl_Virus,Chili,Solanacea,False,uncertain,Solanacea,1.0,,0.0,False,True,False,,,,SAFE_CLARIFICATION
Chili__Curl_Virus/0002.jpg,Chili__Curl_Virus,Chili,Solanacea,False,no_disease_model,Solanacea,1.0,,0.0,False,False,False,,,,SAFE_ABSTAIN
Chili__Curl_Virus/0003.jpg,Chili__Curl_Virus,Chili,Solanacea,False,uncertain,Solanacea,1.0,,0.0,False,True,False,,,,SAFE_CLARIFICATION
Chili__Curl_Virus/0004.jpg,Chili__Curl_Virus,Chili,Solanacea,False,uncertain,Solanacea,1.0,,0.0,False,True,False,,,,SAFE_CLARIFICATION
Chili__Curl_Virus/0005.jpg,Chili__Curl_Virus,Chili,Solanacea,False,uncertain,Solanacea,0.9999,,0.0,False,True,False,,,,SAFE_CLARIFICATION
Chili__Curl_Virus/0006.jpg,Chili__Curl_Virus,Chili,Solanacea,False,uncertain,Solanacea,1.0,,0.0,False,True,False,,,,SAFE_CLARIFICATION
Chili__Curl_Virus/0007.jpg,Chili__Curl_Virus,Chili,Solanacea,False,no_disease_model,Solanacea,1.0,,0.0,False,False,False,,,,SAFE_ABSTAIN
Chili__Curl_Virus/0008.jpg,Chili__Curl_Virus,Chili,Solanacea,False,uncertain,Solanacea,1.0,,0.0,False,True,False,,,,SAFE_CLARIFICATION
Chili__Curl_Virus/0009.jpg,Chili__Curl_Virus,Chili,Solanacea,False,uncertain,Solanacea,1.0,,0.0,False,True,False,,,,SAFE_CLARIFICATION
Chili__Curl_Virus/0010.jpg,Chili__Curl_Virus,Chili,Solanacea,False,uncertain,Solanacea,1.0,,0.0,False,True,False,,,,SAFE_CLARIFICATION
Chili__Healthy_Leaf/0001.jpg,Chili__Healthy_Leaf,Chili,Solanacea,False,no_disease_model,Solanacea,1.0,,0.0,False,False,False,,,,SAFE_ABSTAIN
Chili__Healthy_Leaf/0002.jpg,Chili__Healthy_Leaf,Chili,Solanacea,False,no_disease_model,Solanacea,1.0,,0.0,False,False,False,,,,SAFE_ABSTAIN
Chili__Healthy_Leaf/0003.jpg,Chili__Healthy_Leaf,Chili,Solanacea,False,no_disease_model,Solanacea,1.0,,0.0,False,False,False,,,,SAFE_ABSTAIN
Chili__Healthy_Leaf/0004.jpg,Chili__Healthy_Leaf,Chili,Solanacea,False,no_disease_model,Solanacea,1.0,,0.0,False,False,False,,,,SAFE_ABSTAIN
Chili__Healthy_Leaf/0005.jpg,Chili__Healthy_Leaf,Chili,Solanacea,False,uncertain,Solanacea,1.0,,0.0,False,True,False,,,,SAFE_CLARIFICATION
Chili__Healthy_Leaf/0006.jpg,Chili__Healthy_Leaf,Chili,Solanacea,False,uncertain,Solanacea,1.0,,0.0,False,True,False,,,,SAFE_CLARIFICATION
Chili__Healthy_Leaf/0007.jpg,Chili__Healthy_Leaf,Chili,Solanacea,False,no_disease_model,Solanacea,0.9999,,0.0,False,False,False,,,,SAFE_ABSTAIN
Chili__Healthy_Leaf/0008.jpg,Chili__Healthy_Leaf,Chili,Solanacea,False,uncertain,Solanacea,1.0,,0.0,False,True,False,,,,SAFE_CLARIFICATION
Chili__Healthy_Leaf/0009.jpg,Chili__Healthy_Leaf,Chili,Solanacea,False,no_disease_model,Solanacea,1.0,,0.0,False,False,False,,,,SAFE_ABSTAIN
Chili__Healthy_Leaf/0010.jpg,Chili__Healthy_Leaf,Chili,Solanacea,False,no_disease_model,Solanacea,1.0,,0.0,False,False,False,,,,SAFE_ABSTAIN
Eggplant__Healthy_Leaf/0001.jpg,Eggplant__Healthy_Leaf,Eggplant,Solanacea,False,uncertain,Solanacea,1.0,,0.0,False,True,False,,,,SAFE_CLARIFICATION
Eggplant__Healthy_Leaf/0002.jpg,Eggplant__Healthy_Leaf,Eggplant,Solanacea,False,uncertain,Solanacea,1.0,,0.0,False,True,False,,,,SAFE_CLARIFICATION
Eggplant__Healthy_Leaf/0003.jpg,Eggplant__Healthy_Leaf,Eggplant,Solanacea,False,uncertain,Solanacea,1.0,,0.0,False,True,False,,,,SAFE_CLARIFICATION
Eggplant__Healthy_Leaf/0004.jpg,Eggplant__Healthy_Leaf,Eggplant,Solanacea,False,no_disease_model,Solanacea,0.9991,,0.0,False,False,False,,,,SAFE_ABSTAIN
Eggplant__Healthy_Leaf/0005.jpg,Eggplant__Healthy_Leaf,Eggplant,Solanacea,False,no_disease_model,Solanacea,1.0,,0.0,False,False,False,,,,SAFE_ABSTAIN
Eggplant__Healthy_Leaf/0006.jpg,Eggplant__Healthy_Leaf,Eggplant,Solanacea,False,uncertain,Solanacea,1.0,,0.0,False,True,False,,,,SAFE_CLARIFICATION
Eggplant__Healthy_Leaf/0007.jpg,Eggplant__Healthy_Leaf,Eggplant,Solanacea,False,uncertain,Solanacea,1.0,,0.0,False,True,False,,,,SAFE_CLARIFICATION
Eggplant__Healthy_Leaf/0008.jpg,Eggplant__Healthy_Leaf,Eggplant,Solanacea,False,uncertain,Solanacea,0.9998,,0.0,False,True,False,,,,SAFE_CLARIFICATION
Eggplant__Healthy_Leaf/0009.jpg,Eggplant__Healthy_Leaf,Eggplant,Solanacea,False,no_disease_model,Solanacea,0.9925,,0.0,False,False,False,,,,SAFE_ABSTAIN
Eggplant__Healthy_Leaf/0010.jpg,Eggplant__Healthy_Leaf,Eggplant,Solanacea,False,uncertain,Solanacea,1.0,,0.0,False,True,False,,,,SAFE_CLARIFICATION
Eggplant__Insect_Pest_Disease/0001.jpg,Eggplant__Insect_Pest_Disease,Eggplant,Solanacea,False,uncertain,Solanacea,1.0,,0.0,False,True,False,,,,SAFE_CLARIFICATION
Eggplant__Insect_Pest_Disease/0002.jpg,Eggplant__Insect_Pest_Disease,Eggplant,Solanacea,False,uncertain,Solanacea,1.0,,0.0,False,True,False,,,,SAFE_CLARIFICATION
Eggplant__Insect_Pest_Disease/0003.jpg,Eggplant__Insect_Pest_Disease,Eggplant,Solanacea,False,uncertain,Solanacea,1.0,,0.0,False,True,False,,,,SAFE_CLARIFICATION
Eggplant__Insect_Pest_Disease/0004.jpg,Eggplant__Insect_Pest_Disease,Eggplant,Solanacea,False,uncertain,Solanacea,1.0,,0.0,False,True,False,,,,SAFE_CLARIFICATION
Eggplant__Insect_Pest_Disease/0005.jpg,Eggplant__Insect_Pest_Disease,Eggplant,Solanacea,False,no_disease_model,Solanacea,0.9998,,0.0,False,False,False,,,,SAFE_ABSTAIN
Eggplant__Insect_Pest_Disease/0006.jpg,Eggplant__Insect_Pest_Disease,Eggplant,Solanacea,False,uncertain,Solanacea,1.0,,0.0,False,True,False,,,,SAFE_CLARIFICATION
Eggplant__Insect_Pest_Disease/0007.jpg,Eggplant__Insect_Pest_Disease,Eggplant,Solanacea,False,no_disease_model,Solanacea,1.0,,0.0,False,False,False,,,,SAFE_ABSTAIN
Eggplant__Insect_Pest_Disease/0008.jpg,Eggplant__Insect_Pest_Disease,Eggplant,Solanacea,False,no_disease_model,Solanacea,0.9991,,0.0,False,False,False,,,,SAFE_ABSTAIN
Eggplant__Insect_Pest_Disease/0009.jpg,Eggplant__Insect_Pest_Disease,Eggplant,Solanacea,False,uncertain,Solanacea,0.9995,,0.0,False,True,False,,,,SAFE_CLARIFICATION
Eggplant__Insect_Pest_Disease/0010.jpg,Eggplant__Insect_Pest_Disease,Eggplant,Solanacea,False,uncertain,Solanacea,1.0,,0.0,False,True,False,,,,SAFE_CLARIFICATION
Eggplant__Leaf_Spot_Disease/0001.jpg,Eggplant__Leaf_Spot_Disease,Eggplant,Solanacea,False,no_disease_model,Solanacea,0.9999,,0.0,False,False,False,,,,SAFE_ABSTAIN
Eggplant__Leaf_Spot_Disease/0002.jpg,Eggplant__Leaf_Spot_Disease,Eggplant,Solanacea,False,no_disease_model,Solanacea,1.0,,0.0,False,False,False,,,,SAFE_ABSTAIN
Eggplant__Leaf_Spot_Disease/0003.jpg,Eggplant__Leaf_Spot_Disease,Eggplant,Solanacea,False,no_disease_model,Solanacea,1.0,,0.0,False,False,False,,,,SAFE_ABSTAIN
Eggplant__Leaf_Spot_Disease/0004.jpg,Eggplant__Leaf_Spot_Disease,Eggplant,Solanacea,False,no_disease_model,Solanacea,1.0,,0.0,False,False,False,,,,SAFE_ABSTAIN
Eggplant__Leaf_Spot_Disease/0005.jpg,Eggplant__Leaf_Spot_Disease,Eggplant,Solanacea,False,uncertain,Solanacea,1.0,,0.0,False,True,False,,,,SAFE_CLARIFICATION
Eggplant__Leaf_Spot_Disease/0006.jpg,Eggplant__Leaf_Spot_Disease,Eggplant,Solanacea,False,no_disease_model,Solanacea,1.0,,0.0,False,False,False,,,,SAFE_ABSTAIN
Eggplant__Leaf_Spot_Disease/0007.jpg,Eggplant__Leaf_Spot_Disease,Eggplant,Solanacea,False,no_disease_model,Solanacea,0.9999,,0.0,False,False,False,,,,SAFE_ABSTAIN
Eggplant__Leaf_Spot_Disease/0008.jpg,Eggplant__Leaf_Spot_Disease,Eggplant,Solanacea,False,no_disease_model,Solanacea,1.0,,0.0,False,False,False,,,,SAFE_ABSTAIN
Eggplant__Leaf_Spot_Disease/0009.jpg,Eggplant__Leaf_Spot_Disease,Eggplant,Solanacea,False,no_disease_model,Solanacea,1.0,,0.0,False,False,False,,,,SAFE_ABSTAIN
Eggplant__Leaf_Spot_Disease/0010.jpg,Eggplant__Leaf_Spot_Disease,Eggplant,Solanacea,False,uncertain,Solanacea,1.0,,0.0,False,True,False,,,,SAFE_CLARIFICATION
Eggplant__Mosaic_Virus_Disease/0001.jpg,Eggplant__Mosaic_Virus_Disease,Eggplant,Solanacea,False,uncertain,Solanacea,1.0,,0.0,False,True,False,,,,SAFE_CLARIFICATION
Eggplant__Mosaic_Virus_Disease/0002.jpg,Eggplant__Mosaic_Virus_Disease,Eggplant,Solanacea,False,uncertain,Solanacea,1.0,,0.0,False,True,False,,,,SAFE_CLARIFICATION
Eggplant__Mosaic_Virus_Disease/0003.jpg,Eggplant__Mosaic_Virus_Disease,Eggplant,Solanacea,False,uncertain,Solanacea,0.9989,,0.0,False,True,False,,,,SAFE_CLARIFICATION
Eggplant__Mosaic_Virus_Disease/0004.jpg,Eggplant__Mosaic_Virus_Disease,Eggplant,Solanacea,False,uncertain,Solanacea,1.0,,0.0,False,True,False,,,,SAFE_CLARIFICATION
Eggplant__Mosaic_Virus_Disease/0005.jpg,Eggplant__Mosaic_Virus_Disease,Eggplant,Solanacea,False,uncertain,Solanacea,1.0,,0.0,False,True,False,,,,SAFE_CLARIFICATION
Eggplant__Mosaic_Virus_Disease/0006.jpg,Eggplant__Mosaic_Virus_Disease,Eggplant,Solanacea,False,uncertain,Solanacea,1.0,,0.0,False,True,False,,,,SAFE_CLARIFICATION
Eggplant__Mosaic_Virus_Disease/0007.jpg,Eggplant__Mosaic_Virus_Disease,Eggplant,Solanacea,False,uncertain,Solanacea,1.0,,0.0,False,True,False,,,,SAFE_CLARIFICATION
Eggplant__Mosaic_Virus_Disease/0008.jpg,Eggplant__Mosaic_Virus_Disease,Eggplant,Solanacea,False,uncertain,Solanacea,1.0,,0.0,False,True,False,,,,SAFE_CLARIFICATION
Eggplant__Mosaic_Virus_Disease/0009.jpg,Eggplant__Mosaic_Virus_Disease,Eggplant,Solanacea,False,uncertain,Solanacea,1.0,,0.0,False,True,False,,,,SAFE_CLARIFICATION
Eggplant__Mosaic_Virus_Disease/0010.jpg,Eggplant__Mosaic_Virus_Disease,Eggplant,Solanacea,False,uncertain,Solanacea,0.9582,,0.0,False,True,False,,,,SAFE_CLARIFICATION
Eggplant__Wilt_Disease/0001.jpg,Eggplant__Wilt_Disease,Eggplant,Solanacea,False,uncertain,Solanacea,0.9805,,0.0,False,True,False,,,,SAFE_CLARIFICATION
Eggplant__Wilt_Disease/0002.jpg,Eggplant__Wilt_Disease,Eggplant,Solanacea,False,no_disease_model,Solanacea,1.0,,0.0,False,False,False,,,,SAFE_ABSTAIN
Eggplant__Wilt_Disease/0003.jpg,Eggplant__Wilt_Disease,Eggplant,Solanacea,False,no_disease_model,Solanacea,0.9795,,0.0,False,False,False,,,,SAFE_ABSTAIN
Eggplant__Wilt_Disease/0004.jpg,Eggplant__Wilt_Disease,Eggplant,Solanacea,False,uncertain,Solanacea,0.5515,,0.0,False,True,False,,,,SAFE_CLARIFICATION
Eggplant__Wilt_Disease/0005.jpg,Eggplant__Wilt_Disease,Eggplant,Solanacea,False,no_disease_model,Solanacea,0.9937,,0.0,False,False,False,,,,SAFE_ABSTAIN
Eggplant__Wilt_Disease/0006.jpg,Eggplant__Wilt_Disease,Eggplant,Solanacea,False,no_disease_model,Solanacea,0.9976,,0.0,False,False,False,,,,SAFE_ABSTAIN
Eggplant__Wilt_Disease/0007.jpg,Eggplant__Wilt_Disease,Eggplant,Solanacea,False,no_disease_model,Solanacea,0.9943,,0.0,False,False,False,,,,SAFE_ABSTAIN
Eggplant__Wilt_Disease/0008.jpg,Eggplant__Wilt_Disease,Eggplant,Solanacea,False,no_disease_model,Solanacea,0.954,,0.0,False,False,False,,,,SAFE_ABSTAIN
Eggplant__Wilt_Disease/0009.jpg,Eggplant__Wilt_Disease,Eggplant,Solanacea,False,no_disease_model,Solanacea,0.9998,,0.0,False,False,False,,,,SAFE_ABSTAIN
Eggplant__Wilt_Disease/0010.jpg,Eggplant__Wilt_Disease,Eggplant,Solanacea,False,no_disease_model,Solanacea,1.0,,0.0,False,False,False,,,,SAFE_ABSTAIN
Gourd__Alternaria_Leaf_Blight/0001.jpg,Gourd__Alternaria_Leaf_Blight,Gourd,GourdGuava,True,no_disease_model,GourdGuava,1.0,,0.0,False,False,False,,,,SAFE_ABSTAIN
Gourd__Alternaria_Leaf_Blight/0002.jpg,Gourd__Alternaria_Leaf_Blight,Gourd,GourdGuava,True,no_disease_model,GourdGuava,1.0,,0.0,False,False,False,,,,SAFE_ABSTAIN
Gourd__Alternaria_Leaf_Blight/0003.jpg,Gourd__Alternaria_Leaf_Blight,Gourd,GourdGuava,True,no_disease_model,GourdGuava,1.0,,0.0,False,False,False,,,,SAFE_ABSTAIN
Gourd__Alternaria_Leaf_Blight/0004.jpg,Gourd__Alternaria_Leaf_Blight,Gourd,GourdGuava,True,no_disease_model,GourdGuava,1.0,,0.0,False,False,False,,,,SAFE_ABSTAIN
Gourd__Alternaria_Leaf_Blight/0005.jpg,Gourd__Alternaria_Leaf_Blight,Gourd,GourdGuava,True,no_disease_model,GourdGuava,1.0,,0.0,False,False,False,,,,SAFE_ABSTAIN
Gourd__Alternaria_Leaf_Blight/0006.jpg,Gourd__Alternaria_Leaf_Blight,Gourd,GourdGuava,True,no_disease_model,GourdGuava,1.0,,0.0,False,False,False,,,,SAFE_ABSTAIN
Gourd__Alternaria_Leaf_Blight/0007.jpg,Gourd__Alternaria_Leaf_Blight,Gourd,GourdGuava,True,no_disease_model,GourdGuava,1.0,,0.0,False,False,False,,,,SAFE_ABSTAIN
Gourd__Alternaria_Leaf_Blight/0008.jpg,Gourd__Alternaria_Leaf_Blight,Gourd,GourdGuava,True,no_disease_model,GourdGuava,1.0,,0.0,False,False,False,,,,SAFE_ABSTAIN
Gourd__Alternaria_Leaf_Blight/0009.jpg,Gourd__Alternaria_Leaf_Blight,Gourd,GourdGuava,True,no_disease_model,GourdGuava,1.0,,0.0,False,False,False,,,,SAFE_ABSTAIN
Gourd__Alternaria_Leaf_Blight/0010.jpg,Gourd__Alternaria_Leaf_Blight,Gourd,GourdGuava,True,no_disease_model,GourdGuava,1.0,,0.0,False,False,False,,,,SAFE_ABSTAIN
Gourd__Downy_Mildew/0003.jpg,Gourd__Downy_Mildew,Gourd,GourdGuava,True,no_disease_model,GourdGuava,1.0,,0.0,False,False,False,,,,SAFE_ABSTAIN
Gourd__Downy_Mildew/0004.jpg,Gourd__Downy_Mildew,Gourd,GourdGuava,True,no_disease_model,GourdGuava,1.0,,0.0,False,False,False,,,,SAFE_ABSTAIN
Gourd__Downy_Mildew/0006.jpg,Gourd__Downy_Mildew,Gourd,GourdGuava,True,no_disease_model,GourdGuava,1.0,,0.0,False,False,False,,,,SAFE_ABSTAIN
Gourd__Downy_Mildew/0008.jpg,Gourd__Downy_Mildew,Gourd,GourdGuava,True,no_disease_model,GourdGuava,1.0,,0.0,False,False,False,,,,SAFE_ABSTAIN
Gourd__Healthy_Leaf/0003.jpg,Gourd__Healthy_Leaf,Gourd,GourdGuava,True,no_disease_model,GourdGuava,1.0,,0.0,False,False,False,,,,SAFE_ABSTAIN
Gourd__Healthy_Leaf/0009.jpg,Gourd__Healthy_Leaf,Gourd,GourdGuava,True,no_disease_model,GourdGuava,1.0,,0.0,False,False,False,,,,SAFE_ABSTAIN
Gourd__Mosaic_Virus/0001.jpg,Gourd__Mosaic_Virus,Gourd,GourdGuava,True,no_disease_model,GourdGuava,1.0,,0.0,False,False,False,,,,SAFE_ABSTAIN
Gourd__Mosaic_Virus/0004.jpg,Gourd__Mosaic_Virus,Gourd,GourdGuava,True,no_disease_model,GourdGuava,1.0,,0.0,False,False,False,,,,SAFE_ABSTAIN
Gourd__Mosaic_Virus/0005.jpg,Gourd__Mosaic_Virus,Gourd,GourdGuava,True,no_disease_model,GourdGuava,0.986,,0.0,False,False,False,,,,SAFE_ABSTAIN
Gourd__Mosaic_Virus/0006.jpg,Gourd__Mosaic_Virus,Gourd,GourdGuava,True,no_disease_model,GourdGuava,1.0,,0.0,False,False,False,,,,SAFE_ABSTAIN
Gourd__Mosaic_Virus/0007.jpg,Gourd__Mosaic_Virus,Gourd,GourdGuava,True,no_disease_model,GourdGuava,1.0,,0.0,False,False,False,,,,SAFE_ABSTAIN
Gourd__Mosaic_Virus/0008.jpg,Gourd__Mosaic_Virus,Gourd,GourdGuava,True,no_disease_model,GourdGuava,1.0,,0.0,False,False,False,,,,SAFE_ABSTAIN
Gourd__Mosaic_Virus/0009.jpg,Gourd__Mosaic_Virus,Gourd,GourdGuava,True,no_disease_model,GourdGuava,1.0,,0.0,False,False,False,,,,SAFE_ABSTAIN
Gourd__Mosaic_Virus/0010.jpg,Gourd__Mosaic_Virus,Gourd,GourdGuava,True,no_disease_model,GourdGuava,0.9984,,0.0,False,False,False,,,,SAFE_ABSTAIN
Guava__Algal_Leaf_Spot/0001.jpg,Guava__Algal_Leaf_Spot,Guava,GourdGuava,True,no_disease_model,GourdGuava,1.0,,0.0,False,False,False,,,,SAFE_ABSTAIN
Guava__Algal_Leaf_Spot/0002.jpg,Guava__Algal_Leaf_Spot,Guava,GourdGuava,True,no_disease_model,GourdGuava,1.0,,0.0,False,False,False,,,,SAFE_ABSTAIN
Guava__Algal_Leaf_Spot/0003.jpg,Guava__Algal_Leaf_Spot,Guava,GourdGuava,True,no_disease_model,GourdGuava,0.9991,,0.0,False,False,False,,,,SAFE_ABSTAIN
Guava__Algal_Leaf_Spot/0004.jpg,Guava__Algal_Leaf_Spot,Guava,GourdGuava,True,no_disease_model,GourdGuava,1.0,,0.0,False,False,False,,,,SAFE_ABSTAIN
Guava__Algal_Leaf_Spot/0005.jpg,Guava__Algal_Leaf_Spot,Guava,GourdGuava,True,no_disease_model,GourdGuava,0.9958,,0.0,False,False,False,,,,SAFE_ABSTAIN
Guava__Algal_Leaf_Spot/0006.jpg,Guava__Algal_Leaf_Spot,Guava,GourdGuava,True,no_disease_model,GourdGuava,1.0,,0.0,False,False,False,,,,SAFE_ABSTAIN
Guava__Algal_Leaf_Spot/0007.jpg,Guava__Algal_Leaf_Spot,Guava,GourdGuava,True,uncertain,GourdGuava,0.881,,0.0,False,True,False,,,,SAFE_CLARIFICATION
Guava__Algal_Leaf_Spot/0008.jpg,Guava__Algal_Leaf_Spot,Guava,GourdGuava,True,no_disease_model,GourdGuava,1.0,,0.0,False,False,False,,,,SAFE_ABSTAIN
Guava__Algal_Leaf_Spot/0009.jpg,Guava__Algal_Leaf_Spot,Guava,GourdGuava,True,no_disease_model,GourdGuava,0.999,,0.0,False,False,False,,,,SAFE_ABSTAIN
Guava__Algal_Leaf_Spot/0010.jpg,Guava__Algal_Leaf_Spot,Guava,GourdGuava,True,no_disease_model,GourdGuava,0.9968,,0.0,False,False,False,,,,SAFE_ABSTAIN
Guava__Dry_Leaf/0001.jpg,Guava__Dry_Leaf,Guava,GourdGuava,True,no_disease_model,GourdGuava,0.9885,,0.0,False,False,False,,,,SAFE_ABSTAIN
Guava__Dry_Leaf/0002.jpg,Guava__Dry_Leaf,Guava,GourdGuava,True,uncertain,GourdGuava,0.8215,,0.0,False,True,False,,,,SAFE_CLARIFICATION
Guava__Dry_Leaf/0003.jpg,Guava__Dry_Leaf,Guava,GourdGuava,True,no_disease_model,GourdGuava,0.9192,,0.0,False,False,False,,,,SAFE_ABSTAIN
Guava__Dry_Leaf/0004.jpg,Guava__Dry_Leaf,Guava,GourdGuava,True,no_disease_model,GourdGuava,0.9995,,0.0,False,False,False,,,,SAFE_ABSTAIN
Guava__Dry_Leaf/0005.jpg,Guava__Dry_Leaf,Guava,GourdGuava,True,no_disease_model,GourdGuava,0.9893,,0.0,False,False,False,,,,SAFE_ABSTAIN
Guava__Dry_Leaf/0006.jpg,Guava__Dry_Leaf,Guava,GourdGuava,True,uncertain,GourdGuava,0.7972,,0.0,False,True,False,,,,SAFE_CLARIFICATION
Guava__Dry_Leaf/0007.jpg,Guava__Dry_Leaf,Guava,GourdGuava,True,no_disease_model,GourdGuava,0.9988,,0.0,False,False,False,,,,SAFE_ABSTAIN
Guava__Dry_Leaf/0008.jpg,Guava__Dry_Leaf,Guava,GourdGuava,True,no_disease_model,GourdGuava,0.9975,,0.0,False,False,False,,,,SAFE_ABSTAIN
Guava__Dry_Leaf/0009.jpg,Guava__Dry_Leaf,Guava,GourdGuava,True,uncertain,Solanacea,0.4344,,0.0,False,True,False,,,,SAFE_CLARIFICATION
Guava__Healthy/0001.jpg,Guava__Healthy,Guava,GourdGuava,True,no_disease_model,GourdGuava,1.0,,0.0,False,False,False,,,,SAFE_ABSTAIN
Guava__Healthy/0002.jpg,Guava__Healthy,Guava,GourdGuava,True,no_disease_model,GourdGuava,1.0,,0.0,False,False,False,,,,SAFE_ABSTAIN
Guava__Healthy/0003.jpg,Guava__Healthy,Guava,GourdGuava,True,no_disease_model,GourdGuava,0.9993,,0.0,False,False,False,,,,SAFE_ABSTAIN
Guava__Healthy/0004.jpg,Guava__Healthy,Guava,GourdGuava,True,no_disease_model,GourdGuava,1.0,,0.0,False,False,False,,,,SAFE_ABSTAIN
Guava__Healthy/0005.jpg,Guava__Healthy,Guava,GourdGuava,True,no_disease_model,GourdGuava,1.0,,0.0,False,False,False,,,,SAFE_ABSTAIN
Guava__Healthy/0006.jpg,Guava__Healthy,Guava,GourdGuava,True,no_disease_model,GourdGuava,0.9387,,0.0,False,False,False,,,,SAFE_ABSTAIN
Guava__Healthy/0007.jpg,Guava__Healthy,Guava,GourdGuava,True,no_disease_model,GourdGuava,0.9997,,0.0,False,False,False,,,,SAFE_ABSTAIN
Guava__Healthy/0008.jpg,Guava__Healthy,Guava,GourdGuava,True,no_disease_model,GourdGuava,0.9989,,0.0,False,False,False,,,,SAFE_ABSTAIN
Guava__Healthy/0009.jpg,Guava__Healthy,Guava,GourdGuava,True,no_disease_model,GourdGuava,1.0,,0.0,False,False,False,,,,SAFE_ABSTAIN
Guava__Healthy/0010.jpg,Guava__Healthy,Guava,GourdGuava,True,no_disease_model,GourdGuava,0.9981,,0.0,False,False,False,,,,SAFE_ABSTAIN
Guava__Insect_Pest_Disease/0001.jpg,Guava__Insect_Pest_Disease,Guava,GourdGuava,True,no_disease_model,GourdGuava,0.9978,,0.0,False,False,False,,,,SAFE_ABSTAIN
Guava__Insect_Pest_Disease/0002.jpg,Guava__Insect_Pest_Disease,Guava,GourdGuava,True,no_disease_model,GourdGuava,0.9786,,0.0,False,False,False,,,,SAFE_ABSTAIN
Guava__Insect_Pest_Disease/0003.jpg,Guava__Insect_Pest_Disease,Guava,GourdGuava,True,no_disease_model,GourdGuava,0.9918,,0.0,False,False,False,,,,SAFE_ABSTAIN
Guava__Insect_Pest_Disease/0004.jpg,Guava__Insect_Pest_Disease,Guava,GourdGuava,True,uncertain,GourdGuava,0.877,,0.0,False,True,False,,,,SAFE_CLARIFICATION
Guava__Insect_Pest_Disease/0005.jpg,Guava__Insect_Pest_Disease,Guava,GourdGuava,True,no_disease_model,GourdGuava,0.9918,,0.0,False,False,False,,,,SAFE_ABSTAIN
Guava__Insect_Pest_Disease/0006.jpg,Guava__Insect_Pest_Disease,Guava,GourdGuava,True,no_disease_model,GourdGuava,0.9197,,0.0,False,False,False,,,,SAFE_ABSTAIN
Guava__Insect_Pest_Disease/0007.jpg,Guava__Insect_Pest_Disease,Guava,GourdGuava,True,no_disease_model,GourdGuava,0.9993,,0.0,False,False,False,,,,SAFE_ABSTAIN
Guava__Insect_Pest_Disease/0008.jpg,Guava__Insect_Pest_Disease,Guava,GourdGuava,True,uncertain,Potato,0.5209,,0.0,False,True,False,,,,SAFE_CLARIFICATION
Guava__Insect_Pest_Disease/0009.jpg,Guava__Insect_Pest_Disease,Guava,GourdGuava,True,no_disease_model,GourdGuava,0.9985,,0.0,False,False,False,,,,SAFE_ABSTAIN
Guava__Insect_Pest_Disease/0010.jpg,Guava__Insect_Pest_Disease,Guava,GourdGuava,True,no_disease_model,GourdGuava,0.9847,,0.0,False,False,False,,,,SAFE_ABSTAIN
Guava__Red_Rust/0001.jpg,Guava__Red_Rust,Guava,GourdGuava,True,no_disease_model,GourdGuava,0.9889,,0.0,False,False,False,,,,SAFE_ABSTAIN
Guava__Red_Rust/0002.jpg,Guava__Red_Rust,Guava,GourdGuava,True,no_disease_model,GourdGuava,1.0,,0.0,False,False,False,,,,SAFE_ABSTAIN
Guava__Red_Rust/0003.jpg,Guava__Red_Rust,Guava,GourdGuava,True,no_disease_model,GourdGuava,1.0,,0.0,False,False,False,,,,SAFE_ABSTAIN
Guava__Red_Rust/0004.jpg,Guava__Red_Rust,Guava,GourdGuava,True,no_disease_model,GourdGuava,1.0,,0.0,False,False,False,,,,SAFE_ABSTAIN
Guava__Red_Rust/0005.jpg,Guava__Red_Rust,Guava,GourdGuava,True,no_disease_model,GourdGuava,1.0,,0.0,False,False,False,,,,SAFE_ABSTAIN
Guava__Red_Rust/0006.jpg,Guava__Red_Rust,Guava,GourdGuava,True,no_disease_model,GourdGuava,0.9968,,0.0,False,False,False,,,,SAFE_ABSTAIN
Guava__Red_Rust/0007.jpg,Guava__Red_Rust,Guava,GourdGuava,True,uncertain,Potato,0.5319,,0.0,False,True,False,,,,SAFE_CLARIFICATION
Guava__Red_Rust/0008.jpg,Guava__Red_Rust,Guava,GourdGuava,True,no_disease_model,GourdGuava,1.0,,0.0,False,False,False,,,,SAFE_ABSTAIN
Guava__Red_Rust/0009.jpg,Guava__Red_Rust,Guava,GourdGuava,True,no_disease_model,GourdGuava,0.941,,0.0,False,False,False,,,,SAFE_ABSTAIN
Guava__Red_Rust/0010.jpg,Guava__Red_Rust,Guava,GourdGuava,True,uncertain,GourdGuava,0.7259,,0.0,False,True,False,,,,SAFE_CLARIFICATION
Potato__Early_Blight/0001.jpg,Potato__Early_Blight,Potato,Potato,False,diagnosed,Potato,0.9998,Potato__Early_Blight,1.0,False,False,False,,,,SAFE_AUTOMATION
Potato__Early_Blight/0002.jpg,Potato__Early_Blight,Potato,Potato,False,diagnosed,Potato,1.0,Potato__Early_Blight,0.9989,False,False,False,,,,SAFE_AUTOMATION
Potato__Early_Blight/0003.jpg,Potato__Early_Blight,Potato,Potato,False,uncertain,Potato,1.0,,0.0,False,True,False,,,,SAFE_CLARIFICATION
Potato__Early_Blight/0004.jpg,Potato__Early_Blight,Potato,Potato,False,diagnosed,Potato,0.9844,Potato__Early_Blight,1.0,False,False,False,,,,SAFE_AUTOMATION
Potato__Early_Blight/0005.jpg,Potato__Early_Blight,Potato,Potato,False,diagnosed,Potato,1.0,Potato__Early_Blight,1.0,False,False,False,,,,SAFE_AUTOMATION
Potato__Early_Blight/0006.jpg,Potato__Early_Blight,Potato,Potato,False,diagnosed,Potato,1.0,Potato__Early_Blight,1.0,False,False,False,,,,SAFE_AUTOMATION
Potato__Early_Blight/0007.jpg,Potato__Early_Blight,Potato,Potato,False,uncertain,Potato,0.9998,,0.0,False,True,False,,,,SAFE_CLARIFICATION
Potato__Early_Blight/0008.jpg,Potato__Early_Blight,Potato,Potato,False,uncertain,Potato,0.9489,,0.0,False,True,False,,,,SAFE_CLARIFICATION
Potato__Early_Blight/0009.jpg,Potato__Early_Blight,Potato,Potato,False,diagnosed,Potato,0.998,Potato__Late_Blight,0.9997,False,False,False,,,,UNSAFE_AUTO_ADVISORY
Potato__Early_Blight/0010.jpg,Potato__Early_Blight,Potato,Potato,False,uncertain,Potato,0.9994,,0.0,False,True,False,,,,SAFE_CLARIFICATION
Potato__Healthy_Leaf/0001.jpg,Potato__Healthy_Leaf,Potato,Potato,False,uncertain,Potato,1.0,,0.0,False,True,False,,,,SAFE_CLARIFICATION
Potato__Healthy_Leaf/0002.jpg,Potato__Healthy_Leaf,Potato,Potato,False,healthy,Potato,1.0,Potato__Healthy_Leaf,1.0,False,False,False,,,,SAFE_AUTOMATION
Potato__Healthy_Leaf/0003.jpg,Potato__Healthy_Leaf,Potato,Potato,False,uncertain,Potato,1.0,,0.0,False,True,False,,,,SAFE_CLARIFICATION
Potato__Healthy_Leaf/0004.jpg,Potato__Healthy_Leaf,Potato,Potato,False,uncertain,Potato,1.0,,0.0,False,True,False,,,,SAFE_CLARIFICATION
Potato__Healthy_Leaf/0005.jpg,Potato__Healthy_Leaf,Potato,Potato,False,uncertain,Potato,1.0,,0.0,False,True,False,,,,SAFE_CLARIFICATION
Potato__Healthy_Leaf/0006.jpg,Potato__Healthy_Leaf,Potato,Potato,False,healthy,Potato,1.0,Potato__Healthy_Leaf,0.9987,False,False,False,,,,SAFE_AUTOMATION
Potato__Healthy_Leaf/0007.jpg,Potato__Healthy_Leaf,Potato,Potato,False,uncertain,Potato,1.0,,0.0,False,True,False,,,,SAFE_CLARIFICATION
Potato__Healthy_Leaf/0008.jpg,Potato__Healthy_Leaf,Potato,Potato,False,healthy,Potato,1.0,Potato__Healthy_Leaf,0.9999,False,False,False,,,,SAFE_AUTOMATION
Potato__Healthy_Leaf/0009.jpg,Potato__Healthy_Leaf,Potato,Potato,False,uncertain,Potato,1.0,,0.0,False,True,False,,,,SAFE_CLARIFICATION
Potato__Healthy_Leaf/0010.jpg,Potato__Healthy_Leaf,Potato,Potato,False,uncertain,Potato,1.0,,0.0,False,True,False,,,,SAFE_CLARIFICATION
Potato__Late_Blight/0001.jpg,Potato__Late_Blight,Potato,Potato,False,diagnosed,Potato,0.9807,Potato__Early_Blight,0.9764,False,False,False,,,,UNSAFE_AUTO_ADVISORY
Potato__Late_Blight/0002.jpg,Potato__Late_Blight,Potato,Potato,False,uncertain,Potato,1.0,,0.0,False,True,False,,,,SAFE_CLARIFICATION
Potato__Late_Blight/0003.jpg,Potato__Late_Blight,Potato,Potato,False,uncertain,Potato,1.0,,0.0,False,True,False,,,,SAFE_CLARIFICATION
Potato__Late_Blight/0004.jpg,Potato__Late_Blight,Potato,Potato,False,uncertain,Potato,1.0,,0.0,False,True,False,,,,SAFE_CLARIFICATION
Potato__Late_Blight/0005.jpg,Potato__Late_Blight,Potato,Potato,False,uncertain,Potato,1.0,,0.0,False,True,False,,,,SAFE_CLARIFICATION
Potato__Late_Blight/0006.jpg,Potato__Late_Blight,Potato,Potato,False,not_recognized,Potato,0.9998,Potato__Late_Blight,0.6317,False,False,False,,,,SAFE_ABSTAIN
Potato__Late_Blight/0007.jpg,Potato__Late_Blight,Potato,Potato,False,not_recognized,Potato,1.0,Potato__Late_Blight,0.5319,False,False,False,,,,SAFE_ABSTAIN
Potato__Late_Blight/0008.jpg,Potato__Late_Blight,Potato,Potato,False,uncertain,Potato,0.9998,,0.0,False,True,False,,,,SAFE_CLARIFICATION
Potato__Late_Blight/0009.jpg,Potato__Late_Blight,Potato,Potato,False,uncertain,Potato,1.0,,0.0,False,True,False,,,,SAFE_CLARIFICATION
Potato__Late_Blight/0010.jpg,Potato__Late_Blight,Potato,Potato,False,uncertain,Potato,0.9679,,0.0,False,True,False,,,,SAFE_CLARIFICATION
Rice__Bacterial_Leaf_Blight/0001.jpg,Rice__Bacterial_Leaf_Blight,Rice,Rice,False,uncertain,Wheat,1.0,,0.0,False,True,False,,,,SAFE_CLARIFICATION
Rice__Bacterial_Leaf_Blight/0002.jpg,Rice__Bacterial_Leaf_Blight,Rice,Rice,False,uncertain,Wheat,0.9998,,0.0,False,True,False,,,,SAFE_CLARIFICATION
Rice__Bacterial_Leaf_Blight/0003.jpg,Rice__Bacterial_Leaf_Blight,Rice,Rice,False,uncertain,Wheat,1.0,,0.0,False,True,False,,,,SAFE_CLARIFICATION
Rice__Bacterial_Leaf_Blight/0004.jpg,Rice__Bacterial_Leaf_Blight,Rice,Rice,False,diagnosed,Rice,0.9859,Rice__Bacterial_Leaf_Blight,0.9859,False,False,False,,,,SAFE_AUTOMATION
Rice__Bacterial_Leaf_Blight/0005.jpg,Rice__Bacterial_Leaf_Blight,Rice,Rice,False,uncertain,Wheat,0.9988,,0.0,False,True,False,,,,SAFE_CLARIFICATION
Rice__Bacterial_Leaf_Blight/0006.jpg,Rice__Bacterial_Leaf_Blight,Rice,Rice,False,uncertain,Wheat,0.8968,,0.0,False,True,False,,,,SAFE_CLARIFICATION
Rice__Bacterial_Leaf_Blight/0007.jpg,Rice__Bacterial_Leaf_Blight,Rice,Rice,False,uncertain,Wheat,0.9995,,0.0,False,True,False,,,,SAFE_CLARIFICATION
Rice__Bacterial_Leaf_Blight/0008.jpg,Rice__Bacterial_Leaf_Blight,Rice,Rice,False,uncertain,Wheat,0.9863,,0.0,False,True,False,,,,SAFE_CLARIFICATION
Rice__Bacterial_Leaf_Blight/0009.jpg,Rice__Bacterial_Leaf_Blight,Rice,Rice,False,uncertain,Wheat,0.9997,,0.0,False,True,False,,,,SAFE_CLARIFICATION
Rice__Bacterial_Leaf_Blight/0010.jpg,Rice__Bacterial_Leaf_Blight,Rice,Rice,False,uncertain,Wheat,0.9997,,0.0,False,True,False,,,,SAFE_CLARIFICATION
Rice__Brown_Spot/0001.jpg,Rice__Brown_Spot,Rice,Rice,False,uncertain,Wheat,0.9977,,0.0,False,True,False,,,,SAFE_CLARIFICATION
Rice__Brown_Spot/0002.jpg,Rice__Brown_Spot,Rice,Rice,False,uncertain,Wheat,0.9718,,0.0,False,True,False,,,,SAFE_CLARIFICATION
Rice__Brown_Spot/0003.jpg,Rice__Brown_Spot,Rice,Rice,False,uncertain,Wheat,0.6502,,0.0,False,True,False,,,,SAFE_CLARIFICATION
Rice__Brown_Spot/0004.jpg,Rice__Brown_Spot,Rice,Rice,False,uncertain,Wheat,0.7168,,0.0,False,True,False,,,,SAFE_CLARIFICATION
Rice__Brown_Spot/0005.jpg,Rice__Brown_Spot,Rice,Rice,False,uncertain,Wheat,0.8474,,0.0,False,True,False,,,,SAFE_CLARIFICATION
Rice__Brown_Spot/0006.jpg,Rice__Brown_Spot,Rice,Rice,False,uncertain,Wheat,0.9689,,0.0,False,True,False,,,,SAFE_CLARIFICATION
Rice__Brown_Spot/0007.jpg,Rice__Brown_Spot,Rice,Rice,False,uncertain,Wheat,0.8444,,0.0,False,True,False,,,,SAFE_CLARIFICATION
Rice__Brown_Spot/0008.jpg,Rice__Brown_Spot,Rice,Rice,False,uncertain,Corn,0.9568,,0.0,False,True,False,,,,SAFE_CLARIFICATION
Rice__Brown_Spot/0009.jpg,Rice__Brown_Spot,Rice,Rice,False,uncertain,Wheat,0.5264,,0.0,False,True,False,,,,SAFE_CLARIFICATION
Rice__Brown_Spot/0010.jpg,Rice__Brown_Spot,Rice,Rice,False,uncertain,Wheat,0.9999,,0.0,False,True,False,,,,SAFE_CLARIFICATION
Rice__Healthy_Leaf/0001.jpg,Rice__Healthy_Leaf,Rice,Rice,False,uncertain,Wheat,0.8822,,0.0,False,True,False,,,,SAFE_CLARIFICATION
Rice__Healthy_Leaf/0002.jpg,Rice__Healthy_Leaf,Rice,Rice,False,uncertain,Wheat,0.9994,,0.0,False,True,False,,,,SAFE_CLARIFICATION
Rice__Healthy_Leaf/0003.jpg,Rice__Healthy_Leaf,Rice,Rice,False,uncertain,Corn,0.8985,,0.0,False,True,False,,,,SAFE_CLARIFICATION
Rice__Healthy_Leaf/0004.jpg,Rice__Healthy_Leaf,Rice,Rice,False,uncertain,Wheat,0.6523,,0.0,False,True,False,,,,SAFE_CLARIFICATION
Rice__Healthy_Leaf/0005.jpg,Rice__Healthy_Leaf,Rice,Rice,False,uncertain,Wheat,0.6004,,0.0,False,True,False,,,,SAFE_CLARIFICATION
Rice__Healthy_Leaf/0006.jpg,Rice__Healthy_Leaf,Rice,Rice,False,uncertain,Wheat,0.9982,,0.0,False,True,False,,,,SAFE_CLARIFICATION
Rice__Healthy_Leaf/0007.jpg,Rice__Healthy_Leaf,Rice,Rice,False,uncertain,Wheat,1.0,,0.0,False,True,False,,,,SAFE_CLARIFICATION
Rice__Healthy_Leaf/0008.jpg,Rice__Healthy_Leaf,Rice,Rice,False,uncertain,Wheat,0.9922,,0.0,False,True,False,,,,SAFE_CLARIFICATION
Rice__Healthy_Leaf/0009.jpg,Rice__Healthy_Leaf,Rice,Rice,False,uncertain,Corn,0.9544,,0.0,False,True,False,,,,SAFE_CLARIFICATION
Rice__Healthy_Leaf/0010.jpg,Rice__Healthy_Leaf,Rice,Rice,False,uncertain,Wheat,0.802,,0.0,False,True,False,,,,SAFE_CLARIFICATION
Rice__Leaf_Blast/0001.jpg,Rice__Leaf_Blast,Rice,Rice,False,uncertain,Wheat,1.0,,0.0,False,True,False,,,,SAFE_CLARIFICATION
Rice__Leaf_Blast/0002.jpg,Rice__Leaf_Blast,Rice,Rice,False,uncertain,Corn,0.63,,0.0,False,True,False,,,,SAFE_CLARIFICATION
Rice__Leaf_Blast/0003.jpg,Rice__Leaf_Blast,Rice,Rice,False,uncertain,Wheat,0.9986,,0.0,False,True,False,,,,SAFE_CLARIFICATION
Rice__Leaf_Blast/0004.jpg,Rice__Leaf_Blast,Rice,Rice,False,uncertain,Corn,0.5854,,0.0,False,True,False,,,,SAFE_CLARIFICATION
Rice__Leaf_Blast/0005.jpg,Rice__Leaf_Blast,Rice,Rice,False,uncertain,Wheat,0.8155,,0.0,False,True,False,,,,SAFE_CLARIFICATION
Rice__Leaf_Blast/0006.jpg,Rice__Leaf_Blast,Rice,Rice,False,uncertain,Wheat,0.5736,,0.0,False,True,False,,,,SAFE_CLARIFICATION
Rice__Leaf_Blast/0007.jpg,Rice__Leaf_Blast,Rice,Rice,False,uncertain,Corn,0.8035,,0.0,False,True,False,,,,SAFE_CLARIFICATION
Rice__Leaf_Blast/0008.jpg,Rice__Leaf_Blast,Rice,Rice,False,uncertain,Wheat,0.962,,0.0,False,True,False,,,,SAFE_CLARIFICATION
Rice__Leaf_Blast/0009.jpg,Rice__Leaf_Blast,Rice,Rice,False,uncertain,Wheat,0.9999,,0.0,False,True,False,,,,SAFE_CLARIFICATION
Rice__Leaf_Blast/0010.jpg,Rice__Leaf_Blast,Rice,Rice,False,uncertain,Wheat,0.7311,,0.0,False,True,False,,,,SAFE_CLARIFICATION
Rice__Leaf_Scald/0001.jpg,Rice__Leaf_Scald,Rice,Rice,False,uncertain,Wheat,0.9993,,0.0,False,True,False,,,,SAFE_CLARIFICATION
Rice__Leaf_Scald/0002.jpg,Rice__Leaf_Scald,Rice,Rice,False,uncertain,Corn,0.9134,,0.0,False,True,False,,,,SAFE_CLARIFICATION
Rice__Leaf_Scald/0003.jpg,Rice__Leaf_Scald,Rice,Rice,False,uncertain,Wheat,1.0,,0.0,False,True,False,,,,SAFE_CLARIFICATION
Rice__Leaf_Scald/0004.jpg,Rice__Leaf_Scald,Rice,Rice,False,uncertain,Wheat,0.5205,,0.0,False,True,False,,,,SAFE_CLARIFICATION
Rice__Leaf_Scald/0005.jpg,Rice__Leaf_Scald,Rice,Rice,False,uncertain,Wheat,0.998,,0.0,False,True,False,,,,SAFE_CLARIFICATION
Rice__Leaf_Scald/0006.jpg,Rice__Leaf_Scald,Rice,Rice,False,uncertain,Wheat,0.9094,,0.0,False,True,False,,,,SAFE_CLARIFICATION
Rice__Leaf_Scald/0007.jpg,Rice__Leaf_Scald,Rice,Rice,False,uncertain,Wheat,0.9902,,0.0,False,True,False,,,,SAFE_CLARIFICATION
Rice__Leaf_Scald/0008.jpg,Rice__Leaf_Scald,Rice,Rice,False,uncertain,Wheat,0.9989,,0.0,False,True,False,,,,SAFE_CLARIFICATION
Rice__Leaf_Scald/0009.jpg,Rice__Leaf_Scald,Rice,Rice,False,uncertain,Wheat,0.9994,,0.0,False,True,False,,,,SAFE_CLARIFICATION
Rice__Leaf_Scald/0010.jpg,Rice__Leaf_Scald,Rice,Rice,False,uncertain,Corn,0.8121,,0.0,False,True,False,,,,SAFE_CLARIFICATION
Rice__Narrow_Brown_Leaf_Spot/0001.jpg,Rice__Narrow_Brown_Leaf_Spot,Rice,Rice,False,uncertain,Wheat,0.5682,,0.0,False,True,False,,,,SAFE_CLARIFICATION
Rice__Narrow_Brown_Leaf_Spot/0002.jpg,Rice__Narrow_Brown_Leaf_Spot,Rice,Rice,False,uncertain,Wheat,0.9999,,0.0,False,True,False,,,,SAFE_CLARIFICATION
Rice__Narrow_Brown_Leaf_Spot/0003.jpg,Rice__Narrow_Brown_Leaf_Spot,Rice,Rice,False,diagnosed,Rice,0.997,Rice__Narrow_Brown_Leaf_Spot,0.997,False,False,False,,,,SAFE_AUTOMATION
Rice__Narrow_Brown_Leaf_Spot/0004.jpg,Rice__Narrow_Brown_Leaf_Spot,Rice,Rice,False,uncertain,Wheat,0.9999,,0.0,False,True,False,,,,SAFE_CLARIFICATION
Rice__Narrow_Brown_Leaf_Spot/0005.jpg,Rice__Narrow_Brown_Leaf_Spot,Rice,Rice,False,uncertain,Corn,0.9993,,0.0,False,True,False,,,,SAFE_CLARIFICATION
Rice__Narrow_Brown_Leaf_Spot/0006.jpg,Rice__Narrow_Brown_Leaf_Spot,Rice,Rice,False,uncertain,Wheat,0.9999,,0.0,False,True,False,,,,SAFE_CLARIFICATION
Rice__Narrow_Brown_Leaf_Spot/0007.jpg,Rice__Narrow_Brown_Leaf_Spot,Rice,Rice,False,uncertain,Wheat,0.8893,,0.0,False,True,False,,,,SAFE_CLARIFICATION
Rice__Narrow_Brown_Leaf_Spot/0008.jpg,Rice__Narrow_Brown_Leaf_Spot,Rice,Rice,False,uncertain,Wheat,0.882,,0.0,False,True,False,,,,SAFE_CLARIFICATION
Rice__Narrow_Brown_Leaf_Spot/0009.jpg,Rice__Narrow_Brown_Leaf_Spot,Rice,Rice,False,uncertain,Corn,0.7603,,0.0,False,True,False,,,,SAFE_CLARIFICATION
Rice__Narrow_Brown_Leaf_Spot/0010.jpg,Rice__Narrow_Brown_Leaf_Spot,Rice,Rice,False,uncertain,Wheat,1.0,,0.0,False,True,False,,,,SAFE_CLARIFICATION
Rice__Rice_Hispa/0001.jpg,Rice__Rice_Hispa,Rice,Rice,False,uncertain,Wheat,0.8399,,0.0,False,True,False,,,,SAFE_CLARIFICATION
Rice__Rice_Hispa/0002.jpg,Rice__Rice_Hispa,Rice,Rice,False,uncertain,Wheat,0.9997,,0.0,False,True,False,,,,SAFE_CLARIFICATION
Rice__Rice_Hispa/0003.jpg,Rice__Rice_Hispa,Rice,Rice,False,uncertain,Wheat,0.7918,,0.0,False,True,False,,,,SAFE_CLARIFICATION
Rice__Rice_Hispa/0004.jpg,Rice__Rice_Hispa,Rice,Rice,False,uncertain,Wheat,0.9612,,0.0,False,True,False,,,,SAFE_CLARIFICATION
Rice__Rice_Hispa/0005.jpg,Rice__Rice_Hispa,Rice,Rice,False,uncertain,Corn,0.6588,,0.0,False,True,False,,,,SAFE_CLARIFICATION
Rice__Rice_Hispa/0006.jpg,Rice__Rice_Hispa,Rice,Rice,False,uncertain,Wheat,0.587,,0.0,False,True,False,,,,SAFE_CLARIFICATION
Rice__Rice_Hispa/0007.jpg,Rice__Rice_Hispa,Rice,Rice,False,uncertain,Corn,0.9989,,0.0,False,True,False,,,,SAFE_CLARIFICATION
Rice__Rice_Hispa/0008.jpg,Rice__Rice_Hispa,Rice,Rice,False,uncertain,Wheat,1.0,,0.0,False,True,False,,,,SAFE_CLARIFICATION
Rice__Rice_Hispa/0009.jpg,Rice__Rice_Hispa,Rice,Rice,False,uncertain,Wheat,0.8551,,0.0,False,True,False,,,,SAFE_CLARIFICATION
Rice__Rice_Hispa/0010.jpg,Rice__Rice_Hispa,Rice,Rice,False,uncertain,Corn,0.7382,,0.0,False,True,False,,,,SAFE_CLARIFICATION
Rice__Sheath_Blight/0001.jpg,Rice__Sheath_Blight,Rice,Rice,False,uncertain,Wheat,1.0,,0.0,False,True,False,,,,SAFE_CLARIFICATION
Rice__Sheath_Blight/0002.jpg,Rice__Sheath_Blight,Rice,Rice,False,diagnosed,Rice,1.0,Rice__Sheath_Blight,1.0,False,False,False,,,,SAFE_AUTOMATION
Rice__Sheath_Blight/0003.jpg,Rice__Sheath_Blight,Rice,Rice,False,uncertain,Wheat,0.9998,,0.0,False,True,False,,,,SAFE_CLARIFICATION
Rice__Sheath_Blight/0004.jpg,Rice__Sheath_Blight,Rice,Rice,False,uncertain,Wheat,0.6193,,0.0,False,True,False,,,,SAFE_CLARIFICATION
Rice__Sheath_Blight/0005.jpg,Rice__Sheath_Blight,Rice,Rice,False,uncertain,Wheat,0.8689,,0.0,False,True,False,,,,SAFE_CLARIFICATION
Rice__Sheath_Blight/0006.jpg,Rice__Sheath_Blight,Rice,Rice,False,uncertain,Wheat,0.6952,,0.0,False,True,False,,,,SAFE_CLARIFICATION
Rice__Sheath_Blight/0007.jpg,Rice__Sheath_Blight,Rice,Rice,False,out_of_distribution,Brassica,0.3989,,0.0,False,True,False,,,,SAFE_OOD_HALT
Rice__Sheath_Blight/0008.jpg,Rice__Sheath_Blight,Rice,Rice,False,diagnosed,Rice,1.0,Rice__Sheath_Blight,1.0,False,False,False,,,,SAFE_AUTOMATION
Rice__Sheath_Blight/0009.jpg,Rice__Sheath_Blight,Rice,Rice,False,uncertain,Wheat,0.9997,,0.0,False,True,False,,,,SAFE_CLARIFICATION
Rice__Sheath_Blight/0010.jpg,Rice__Sheath_Blight,Rice,Rice,False,uncertain,Wheat,0.999,,0.0,False,True,False,,,,SAFE_CLARIFICATION
Tomato__Bacterial_Spot/0001.jpg,Tomato__Bacterial_Spot,Tomato,Solanacea,False,uncertain,Solanacea,0.7322,,0.0,False,True,False,,,,SAFE_CLARIFICATION
Tomato__Bacterial_Spot/0002.jpg,Tomato__Bacterial_Spot,Tomato,Solanacea,False,uncertain,Potato,0.965,,0.0,False,True,False,,,,SAFE_CLARIFICATION
Tomato__Bacterial_Spot/0003.jpg,Tomato__Bacterial_Spot,Tomato,Solanacea,False,uncertain,Solanacea,0.6165,,0.0,False,True,False,,,,SAFE_CLARIFICATION
Tomato__Bacterial_Spot/0004.jpg,Tomato__Bacterial_Spot,Tomato,Solanacea,False,no_disease_model,Solanacea,0.9593,,0.0,False,False,False,,,,SAFE_ABSTAIN
Tomato__Bacterial_Spot/0005.jpg,Tomato__Bacterial_Spot,Tomato,Solanacea,False,uncertain,Potato,0.4587,,0.0,False,True,False,,,,SAFE_CLARIFICATION
Tomato__Bacterial_Spot/0006.jpg,Tomato__Bacterial_Spot,Tomato,Solanacea,False,uncertain,Solanacea,0.9986,,0.0,False,True,False,,,,SAFE_CLARIFICATION
Tomato__Bacterial_Spot/0007.jpg,Tomato__Bacterial_Spot,Tomato,Solanacea,False,uncertain,Wheat,0.6438,,0.0,False,True,False,,,,SAFE_CLARIFICATION
Tomato__Bacterial_Spot/0008.jpg,Tomato__Bacterial_Spot,Tomato,Solanacea,False,uncertain,Potato,1.0,,0.0,False,True,False,,,,SAFE_CLARIFICATION
Tomato__Bacterial_Spot/0009.jpg,Tomato__Bacterial_Spot,Tomato,Solanacea,False,uncertain,Potato,0.8466,,0.0,False,True,False,,,,SAFE_CLARIFICATION
Tomato__Bacterial_Spot/0010.jpg,Tomato__Bacterial_Spot,Tomato,Solanacea,False,uncertain,Potato,0.9995,,0.0,False,True,False,,,,SAFE_CLARIFICATION
Tomato__Early_Blight/0001.jpg,Tomato__Early_Blight,Tomato,Solanacea,False,uncertain,Solanacea,0.8799,,0.0,False,True,False,,,,SAFE_CLARIFICATION
Tomato__Early_Blight/0002.jpg,Tomato__Early_Blight,Tomato,Solanacea,False,no_disease_model,Solanacea,0.9861,,0.0,False,False,False,,,,SAFE_ABSTAIN
Tomato__Early_Blight/0003.jpg,Tomato__Early_Blight,Tomato,Solanacea,False,diagnosed,Potato,1.0,Potato__Early_Blight,0.981,False,False,False,,,,UNSAFE_AUTO_ADVISORY
Tomato__Early_Blight/0004.jpg,Tomato__Early_Blight,Tomato,Solanacea,False,no_disease_model,GourdGuava,0.9945,,0.0,False,False,False,,,,SAFE_ABSTAIN
Tomato__Early_Blight/0005.jpg,Tomato__Early_Blight,Tomato,Solanacea,False,uncertain,Potato,0.7121,,0.0,False,True,False,,,,SAFE_CLARIFICATION
Tomato__Early_Blight/0006.jpg,Tomato__Early_Blight,Tomato,Solanacea,False,uncertain,GourdGuava,0.8816,,0.0,False,True,False,,,,SAFE_CLARIFICATION
Tomato__Early_Blight/0007.jpg,Tomato__Early_Blight,Tomato,Solanacea,False,uncertain,Solanacea,0.6089,,0.0,False,True,False,,,,SAFE_CLARIFICATION
Tomato__Early_Blight/0008.jpg,Tomato__Early_Blight,Tomato,Solanacea,False,diagnosed,Potato,1.0,Potato__Early_Blight,0.9929,False,False,False,,,,UNSAFE_AUTO_ADVISORY
Tomato__Early_Blight/0009.jpg,Tomato__Early_Blight,Tomato,Solanacea,False,uncertain,Potato,0.7877,,0.0,False,True,False,,,,SAFE_CLARIFICATION
Tomato__Early_Blight/0010.jpg,Tomato__Early_Blight,Tomato,Solanacea,False,diagnosed,Potato,0.9999,Potato__Early_Blight,0.8992,False,False,False,,,,UNSAFE_AUTO_ADVISORY
Tomato__Healthy_Leaf/0001.jpg,Tomato__Healthy_Leaf,Tomato,Solanacea,False,uncertain,Solanacea,0.9998,,0.0,False,True,False,,,,SAFE_CLARIFICATION
Tomato__Healthy_Leaf/0002.jpg,Tomato__Healthy_Leaf,Tomato,Solanacea,False,not_recognized,Potato,1.0,Potato__Early_Blight,0.7312,False,False,False,,,,SAFE_ABSTAIN
Tomato__Healthy_Leaf/0003.jpg,Tomato__Healthy_Leaf,Tomato,Solanacea,False,not_recognized,Wheat,0.9908,Healthy,0.6459,False,False,False,,,,SAFE_ABSTAIN
Tomato__Healthy_Leaf/0004.jpg,Tomato__Healthy_Leaf,Tomato,Solanacea,False,healthy,Wheat,0.9994,Healthy,0.9999,False,False,False,,,,UNSAFE_AUTO_ADVISORY
Tomato__Healthy_Leaf/0005.jpg,Tomato__Healthy_Leaf,Tomato,Solanacea,False,uncertain,Brassica,0.4677,,0.0,False,True,False,,,,SAFE_CLARIFICATION
Tomato__Healthy_Leaf/0006.jpg,Tomato__Healthy_Leaf,Tomato,Solanacea,False,uncertain,Potato,0.9747,,0.0,False,True,False,,,,SAFE_CLARIFICATION
Tomato__Healthy_Leaf/0007.jpg,Tomato__Healthy_Leaf,Tomato,Solanacea,False,uncertain,Solanacea,0.8489,,0.0,False,True,False,,,,SAFE_CLARIFICATION
Tomato__Healthy_Leaf/0008.jpg,Tomato__Healthy_Leaf,Tomato,Solanacea,False,diagnosed,Potato,0.9999,Potato__Late_Blight,0.9996,False,False,False,,,,UNSAFE_AUTO_ADVISORY
Tomato__Healthy_Leaf/0009.jpg,Tomato__Healthy_Leaf,Tomato,Solanacea,False,uncertain,Potato,0.9863,,0.0,False,True,False,,,,SAFE_CLARIFICATION
Tomato__Healthy_Leaf/0010.jpg,Tomato__Healthy_Leaf,Tomato,Solanacea,False,uncertain,GourdGuava,0.7302,,0.0,False,True,False,,,,SAFE_CLARIFICATION
Tomato__Late_Blight/0001.jpg,Tomato__Late_Blight,Tomato,Solanacea,False,uncertain,GourdGuava,0.8825,,0.0,False,True,False,,,,SAFE_CLARIFICATION
Tomato__Late_Blight/0002.jpg,Tomato__Late_Blight,Tomato,Solanacea,False,uncertain,Potato,1.0,,0.0,False,True,False,,,,SAFE_CLARIFICATION
Tomato__Late_Blight/0003.jpg,Tomato__Late_Blight,Tomato,Solanacea,False,uncertain,Solanacea,0.9994,,0.0,False,True,False,,,,SAFE_CLARIFICATION
Tomato__Late_Blight/0004.jpg,Tomato__Late_Blight,Tomato,Solanacea,False,uncertain,Potato,1.0,,0.0,False,True,False,,,,SAFE_CLARIFICATION
Tomato__Late_Blight/0005.jpg,Tomato__Late_Blight,Tomato,Solanacea,False,uncertain,Potato,0.9941,,0.0,False,True,False,,,,SAFE_CLARIFICATION
Tomato__Late_Blight/0006.jpg,Tomato__Late_Blight,Tomato,Solanacea,False,uncertain,Brassica,0.4721,,0.0,False,True,False,,,,SAFE_CLARIFICATION
Tomato__Late_Blight/0007.jpg,Tomato__Late_Blight,Tomato,Solanacea,False,uncertain,Potato,0.8241,,0.0,False,True,False,,,,SAFE_CLARIFICATION
Tomato__Late_Blight/0008.jpg,Tomato__Late_Blight,Tomato,Solanacea,False,uncertain,Potato,0.9981,,0.0,False,True,False,,,,SAFE_CLARIFICATION
Tomato__Late_Blight/0009.jpg,Tomato__Late_Blight,Tomato,Solanacea,False,uncertain,Potato,0.9919,,0.0,False,True,False,,,,SAFE_CLARIFICATION
Tomato__Late_Blight/0010.jpg,Tomato__Late_Blight,Tomato,Solanacea,False,uncertain,Potato,0.8891,,0.0,False,True,False,,,,SAFE_CLARIFICATION
Tomato__Mosaic_Virus/0001.jpg,Tomato__Mosaic_Virus,Tomato,Solanacea,False,uncertain,Potato,0.6596,,0.0,False,True,False,,,,SAFE_CLARIFICATION
Tomato__Mosaic_Virus/0002.jpg,Tomato__Mosaic_Virus,Tomato,Solanacea,False,uncertain,Potato,0.9608,,0.0,False,True,False,,,,SAFE_CLARIFICATION
Tomato__Mosaic_Virus/0003.jpg,Tomato__Mosaic_Virus,Tomato,Solanacea,False,uncertain,Potato,0.9975,,0.0,False,True,False,,,,SAFE_CLARIFICATION
Tomato__Mosaic_Virus/0004.jpg,Tomato__Mosaic_Virus,Tomato,Solanacea,False,uncertain,GourdGuava,0.7555,,0.0,False,True,False,,,,SAFE_CLARIFICATION
Tomato__Mosaic_Virus/0005.jpg,Tomato__Mosaic_Virus,Tomato,Solanacea,False,uncertain,Solanacea,0.505,,0.0,False,True,False,,,,SAFE_CLARIFICATION
Tomato__Mosaic_Virus/0006.jpg,Tomato__Mosaic_Virus,Tomato,Solanacea,False,uncertain,Potato,0.9717,,0.0,False,True,False,,,,SAFE_CLARIFICATION
Tomato__Mosaic_Virus/0007.jpg,Tomato__Mosaic_Virus,Tomato,Solanacea,False,uncertain,Potato,0.9609,,0.0,False,True,False,,,,SAFE_CLARIFICATION
Tomato__Mosaic_Virus/0008.jpg,Tomato__Mosaic_Virus,Tomato,Solanacea,False,uncertain,Solanacea,1.0,,0.0,False,True,False,,,,SAFE_CLARIFICATION
Tomato__Mosaic_Virus/0009.jpg,Tomato__Mosaic_Virus,Tomato,Solanacea,False,uncertain,Wheat,0.4552,,0.0,False,True,False,,,,SAFE_CLARIFICATION
Cauliflower__Bacterial_Spot/0001.png,Cauliflower__Bacterial_Spot,Cauliflower,Brassica,False,diagnosed,Brassica,0.9959,Cauliflower__Bacterial_Spot,0.9998,False,False,False,,,,SAFE_AUTOMATION
Cauliflower__Bacterial_Spot/0002.png,Cauliflower__Bacterial_Spot,Cauliflower,Brassica,False,diagnosed,Brassica,1.0,Cauliflower__Bacterial_Spot,0.9999,False,False,False,,,,SAFE_AUTOMATION
Cauliflower__Bacterial_Spot/0004.png,Cauliflower__Bacterial_Spot,Cauliflower,Brassica,False,diagnosed,Brassica,1.0,Cauliflower__Bacterial_Spot,1.0,False,False,False,,,,SAFE_AUTOMATION
Cauliflower__Healthy/0001.png,Cauliflower__Healthy,Cauliflower,Brassica,False,healthy,Brassica,1.0,Cauliflower__Healthy,1.0,False,False,False,,,,SAFE_AUTOMATION
Cauliflower__Healthy/0005.png,Cauliflower__Healthy,Cauliflower,Brassica,False,healthy,Brassica,1.0,Cauliflower__Healthy,1.0,False,False,False,,,,SAFE_AUTOMATION
Gourd__Downy_Mildew/0001.png,Gourd__Downy_Mildew,Gourd,GourdGuava,True,no_disease_model,GourdGuava,0.9317,,0.0,False,False,False,,,,SAFE_ABSTAIN
Gourd__Downy_Mildew/0002.png,Gourd__Downy_Mildew,Gourd,GourdGuava,True,no_disease_model,GourdGuava,1.0,,0.0,False,False,False,,,,SAFE_ABSTAIN
Gourd__Downy_Mildew/0005.png,Gourd__Downy_Mildew,Gourd,GourdGuava,True,no_disease_model,GourdGuava,1.0,,0.0,False,False,False,,,,SAFE_ABSTAIN
Gourd__Downy_Mildew/0007.png,Gourd__Downy_Mildew,Gourd,GourdGuava,True,uncertain,Solanacea,0.6493,,0.0,False,True,False,,,,SAFE_CLARIFICATION
Gourd__Healthy_Leaf/0001.png,Gourd__Healthy_Leaf,Gourd,GourdGuava,True,no_disease_model,GourdGuava,1.0,,0.0,False,False,False,,,,SAFE_ABSTAIN
Gourd__Healthy_Leaf/0002.png,Gourd__Healthy_Leaf,Gourd,GourdGuava,True,no_disease_model,GourdGuava,1.0,,0.0,False,False,False,,,,SAFE_ABSTAIN
Gourd__Healthy_Leaf/0004.png,Gourd__Healthy_Leaf,Gourd,GourdGuava,True,no_disease_model,GourdGuava,1.0,,0.0,False,False,False,,,,SAFE_ABSTAIN
Gourd__Healthy_Leaf/0005.png,Gourd__Healthy_Leaf,Gourd,GourdGuava,True,no_disease_model,GourdGuava,0.974,,0.0,False,False,False,,,,SAFE_ABSTAIN
Gourd__Healthy_Leaf/0006.png,Gourd__Healthy_Leaf,Gourd,GourdGuava,True,no_disease_model,GourdGuava,1.0,,0.0,False,False,False,,,,SAFE_ABSTAIN
Gourd__Healthy_Leaf/0007.png,Gourd__Healthy_Leaf,Gourd,GourdGuava,True,no_disease_model,GourdGuava,1.0,,0.0,False,False,False,,,,SAFE_ABSTAIN
Gourd__Healthy_Leaf/0008.png,Gourd__Healthy_Leaf,Gourd,GourdGuava,True,no_disease_model,GourdGuava,1.0,,0.0,False,False,False,,,,SAFE_ABSTAIN
Gourd__Mosaic_Virus/0002.png,Gourd__Mosaic_Virus,Gourd,GourdGuava,True,no_disease_model,GourdGuava,1.0,,0.0,False,False,False,,,,SAFE_ABSTAIN
Gourd__Mosaic_Virus/0003.png,Gourd__Mosaic_Virus,Gourd,GourdGuava,True,no_disease_model,GourdGuava,1.0,,0.0,False,False,False,,,,SAFE_ABSTAIN
