image_id,folder,true_crop,expected_family,is_ood,predicted_crop,crop_confidence,crop_margin,is_confusion_risk,final_status,clarification_requested,second_image_requested,prescription_emitted,outcome
Cabbage__Alternaria_Spot/0001.jpg,Cabbage__Alternaria_Spot,Cabbage,Brassica,False,Solanacea,0.9689,0.9444,True,uncertain,True,False,False,SAFE_CONFIRMATION_INTERCEPT
Cabbage__Alternaria_Spot/0002.jpg,Cabbage__Alternaria_Spot,Cabbage,Brassica,False,Potato,0.5428,0.0983,True,uncertain,True,False,False,SAFE_CONFIRMATION_INTERCEPT
Cabbage__Alternaria_Spot/0003.jpg,Cabbage__Alternaria_Spot,Cabbage,Brassica,False,Brassica,0.9973,0.9948,False,diagnosed,False,False,True,SAFE_DIRECT_AUTO
Cabbage__Alternaria_Spot/0004.jpg,Cabbage__Alternaria_Spot,Cabbage,Brassica,False,Brassica,1.0,1.0,False,diagnosed,False,False,True,SAFE_DIRECT_AUTO
Cabbage__Alternaria_Spot/0005.jpg,Cabbage__Alternaria_Spot,Cabbage,Brassica,False,Brassica,0.8019,0.6652,False,uncertain,True,False,False,SAFE_CONFIRMATION_INTERCEPT
Cabbage__Alternaria_Spot/0006.jpg,Cabbage__Alternaria_Spot,Cabbage,Brassica,False,Brassica,0.9999,0.9998,False,diagnosed,False,False,True,SAFE_DIRECT_AUTO
Cabbage__Alternaria_Spot/0007.jpg,Cabbage__Alternaria_Spot,Cabbage,Brassica,False,Brassica,0.9999,0.9998,False,diagnosed,False,False,True,SAFE_DIRECT_AUTO
Cabbage__Alternaria_Spot/0008.jpg,Cabbage__Alternaria_Spot,Cabbage,Brassica,False,Brassica,0.9764,0.9576,False,diagnosed,False,False,True,UNSAFE_AUTO_ADVISORY
Cabbage__Alternaria_Spot/0009.jpg,Cabbage__Alternaria_Spot,Cabbage,Brassica,False,Brassica,0.9943,0.9887,False,not_recognized,False,False,False,SAFE_ABSTAIN
Cabbage__Alternaria_Spot/0010.jpg,Cabbage__Alternaria_Spot,Cabbage,Brassica,False,Brassica,0.9999,0.9998,False,diagnosed,False,False,True,SAFE_DIRECT_AUTO
Cabbage__Black_Rot/0001.jpg,Cabbage__Black_Rot,Cabbage,Brassica,False,Brassica,1.0,1.0,False,not_recognized,False,False,False,SAFE_ABSTAIN
Cabbage__Black_Rot/0002.jpg,Cabbage__Black_Rot,Cabbage,Brassica,False,Brassica,1.0,1.0,False,diagnosed,False,False,True,SAFE_DIRECT_AUTO
Cabbage__Black_Rot/0003.jpg,Cabbage__Black_Rot,Cabbage,Brassica,False,Solanacea,0.6785,0.4252,True,uncertain,True,False,False,SAFE_CONFIRMATION_INTERCEPT
Cabbage__Black_Rot/0004.jpg,Cabbage__Black_Rot,Cabbage,Brassica,False,Brassica,0.9981,0.9963,False,diagnosed,False,False,True,UNSAFE_AUTO_ADVISORY
Cabbage__Black_Rot/0005.jpg,Cabbage__Black_Rot,Cabbage,Brassica,False,Brassica,0.7855,0.6148,False,uncertain,True,False,False,SAFE_CONFIRMATION_INTERCEPT
Cabbage__Black_Rot/0006.jpg,Cabbage__Black_Rot,Cabbage,Brassica,False,Solanacea,0.8399,0.7031,True,uncertain,True,False,False,SAFE_CONFIRMATION_INTERCEPT
Cabbage__Black_Rot/0007.jpg,Cabbage__Black_Rot,Cabbage,Brassica,False,Brassica,1.0,1.0,False,diagnosed,False,False,True,SAFE_DIRECT_AUTO
Cabbage__Downy_Mildew/0001.jpg,Cabbage__Downy_Mildew,Cabbage,Brassica,False,Brassica,0.9998,0.9997,False,not_recognized,False,False,False,SAFE_ABSTAIN
Cabbage__Downy_Mildew/0003.jpg,Cabbage__Downy_Mildew,Cabbage,Brassica,False,Brassica,0.8791,0.7888,False,uncertain,True,False,False,SAFE_CONFIRMATION_INTERCEPT
Cabbage__Downy_Mildew/0004.jpg,Cabbage__Downy_Mildew,Cabbage,Brassica,False,Brassica,0.9979,0.9965,False,diagnosed,False,False,True,UNSAFE_AUTO_ADVISORY
Cabbage__Downy_Mildew/0005.jpg,Cabbage__Downy_Mildew,Cabbage,Brassica,False,Brassica,0.9601,0.9456,False,diagnosed,False,False,True,SAFE_DIRECT_AUTO
Cabbage__Healthy_Leaf/0001.jpg,Cabbage__Healthy_Leaf,Cabbage,Brassica,False,Solanacea,0.9683,0.9513,True,uncertain,True,False,False,SAFE_CONFIRMATION_INTERCEPT
Cabbage__Healthy_Leaf/0002.jpg,Cabbage__Healthy_Leaf,Cabbage,Brassica,False,Brassica,0.6987,0.4255,False,uncertain,True,False,False,SAFE_CONFIRMATION_INTERCEPT
Cabbage__Healthy_Leaf/0003.jpg,Cabbage__Healthy_Leaf,Cabbage,Brassica,False,Brassica,0.9972,0.9956,False,diagnosed,False,False,True,SAFE_DIRECT_AUTO
Cabbage__Healthy_Leaf/0004.jpg,Cabbage__Healthy_Leaf,Cabbage,Brassica,False,Brassica,0.9824,0.9677,False,diagnosed,False,False,True,SAFE_DIRECT_AUTO
Cabbage__Healthy_Leaf/0005.jpg,Cabbage__Healthy_Leaf,Cabbage,Brassica,False,Brassica,0.9977,0.9966,False,diagnosed,False,False,True,SAFE_DIRECT_AUTO
Cabbage__Healthy_Leaf/0006.jpg,Cabbage__Healthy_Leaf,Cabbage,Brassica,False,Potato,0.6224,0.2799,True,uncertain,True,False,False,SAFE_CONFIRMATION_INTERCEPT
Cabbage__Healthy_Leaf/0007.jpg,Cabbage__Healthy_Leaf,Cabbage,Brassica,False,Brassica,0.9959,0.9928,False,not_recognized,False,False,False,SAFE_ABSTAIN
Cabbage__Healthy_Leaf/0008.jpg,Cabbage__Healthy_Leaf,Cabbage,Brassica,False,GourdGuava,1.0,1.0,False,diagnosed,False,False,True,UNSAFE_AUTO_ADVISORY
Cabbage__Healthy_Leaf/0009.jpg,Cabbage__Healthy_Leaf,Cabbage,Brassica,False,Brassica,0.9966,0.9941,False,diagnosed,False,False,True,SAFE_DIRECT_AUTO
Cabbage__Healthy_Leaf/0010.jpg,Cabbage__Healthy_Leaf,Cabbage,Brassica,False,Brassica,0.5362,0.2251,False,uncertain,True,False,False,SAFE_CONFIRMATION_INTERCEPT
Cauliflower__Alternaria_Disease/0001.jpg,Cauliflower__Alternaria_Disease,Cauliflower,Brassica,False,Brassica,1.0,1.0,False,diagnosed,False,False,True,SAFE_DIRECT_AUTO
Cauliflower__Alternaria_Disease/0002.jpg,Cauliflower__Alternaria_Disease,Cauliflower,Brassica,False,Brassica,1.0,1.0,False,diagnosed,False,False,True,SAFE_DIRECT_AUTO
Cauliflower__Alternaria_Disease/0003.jpg,Cauliflower__Alternaria_Disease,Cauliflower,Brassica,False,Brassica,1.0,1.0,False,diagnosed,False,False,True,SAFE_DIRECT_AUTO
Cauliflower__Alternaria_Disease/0004.jpg,Cauliflower__Alternaria_Disease,Cauliflower,Brassica,False,Brassica,0.9996,0.9995,False,diagnosed,False,False,True,SAFE_DIRECT_AUTO
Cauliflower__Alternaria_Disease/0005.jpg,Cauliflower__Alternaria_Disease,Cauliflower,Brassica,False,Brassica,1.0,1.0,False,diagnosed,False,False,True,SAFE_DIRECT_AUTO
Cauliflower__Alternaria_Disease/0006.jpg,Cauliflower__Alternaria_Disease,Cauliflower,Brassica,False,Brassica,1.0,1.0,False,diagnosed,False,False,True,SAFE_DIRECT_AUTO
Cauliflower__Alternaria_Disease/0007.jpg,Cauliflower__Alternaria_Disease,Cauliflower,Brassica,False,Brassica,1.0,1.0,False,diagnosed,False,False,True,SAFE_DIRECT_AUTO
Cauliflower__Alternaria_Disease/0008.jpg,Cauliflower__Alternaria_Disease,Cauliflower,Brassica,False,Brassica,0.9996,0.9994,False,diagnosed,False,False,True,SAFE_DIRECT_AUTO
Cauliflower__Alternaria_Disease/0009.jpg,Cauliflower__Alternaria_Disease,Cauliflower,Brassica,False,Brassica,0.9133,0.8291,False,diagnosed,False,False,True,SAFE_DIRECT_AUTO
Cauliflower__Alternaria_Disease/0010.jpg,Cauliflower__Alternaria_Disease,Cauliflower,Brassica,False,Brassica,1.0,1.0,False,diagnosed,False,False,True,SAFE_DIRECT_AUTO
Cauliflower__Bacterial_Soft_Rot/0001.jpg,Cauliflower__Bacterial_Soft_Rot,Cauliflower,Brassica,False,Brassica,0.9616,0.9242,False,diagnosed,False,False,True,SAFE_DIRECT_AUTO
Cauliflower__Bacterial_Soft_Rot/0002.jpg,Cauliflower__Bacterial_Soft_Rot,Cauliflower,Brassica,False,Brassica,0.9987,0.9978,False,diagnosed,False,False,True,SAFE_DIRECT_AUTO
Cauliflower__Bacterial_Soft_Rot/0003.jpg,Cauliflower__Bacterial_Soft_Rot,Cauliflower,Brassica,False,Brassica,1.0,1.0,False,diagnosed,False,False,True,SAFE_DIRECT_AUTO
Cauliflower__Bacterial_Soft_Rot/0004.jpg,Cauliflower__Bacterial_Soft_Rot,Cauliflower,Brassica,False,Brassica,1.0,1.0,False,diagnosed,False,False,True,SAFE_DIRECT_AUTO
Cauliflower__Bacterial_Soft_Rot/0005.jpg,Cauliflower__Bacterial_Soft_Rot,Cauliflower,Brassica,False,Brassica,1.0,1.0,False,diagnosed,False,False,True,SAFE_DIRECT_AUTO
Cauliflower__Bacterial_Soft_Rot/0006.jpg,Cauliflower__Bacterial_Soft_Rot,Cauliflower,Brassica,False,Brassica,1.0,1.0,False,diagnosed,False,False,True,SAFE_DIRECT_AUTO
Cauliflower__Bacterial_Soft_Rot/0007.jpg,Cauliflower__Bacterial_Soft_Rot,Cauliflower,Brassica,False,Brassica,0.9996,0.9993,False,diagnosed,False,False,True,SAFE_DIRECT_AUTO
Cauliflower__Bacterial_Soft_Rot/0008.jpg,Cauliflower__Bacterial_Soft_Rot,Cauliflower,Brassica,False,Brassica,0.9998,0.9997,False,diagnosed,False,False,True,SAFE_DIRECT_AUTO
Cauliflower__Bacterial_Soft_Rot/0009.jpg,Cauliflower__Bacterial_Soft_Rot,Cauliflower,Brassica,False,Brassica,1.0,1.0,False,diagnosed,False,False,True,SAFE_DIRECT_AUTO
Cauliflower__Bacterial_Soft_Rot/0010.jpg,Cauliflower__Bacterial_Soft_Rot,Cauliflower,Brassica,False,Brassica,0.9991,0.9983,False,diagnosed,False,False,True,SAFE_DIRECT_AUTO
Cauliflower__Bacterial_Spot/0003.jpg,Cauliflower__Bacterial_Spot,Cauliflower,Brassica,False,Brassica,1.0,1.0,False,diagnosed,False,False,True,SAFE_DIRECT_AUTO
Cauliflower__Bacterial_Spot/0005.jpg,Cauliflower__Bacterial_Spot,Cauliflower,Brassica,False,Brassica,1.0,1.0,False,diagnosed,False,False,True,SAFE_DIRECT_AUTO
Cauliflower__Bacterial_Spot/0006.jpg,Cauliflower__Bacterial_Spot,Cauliflower,Brassica,False,Brassica,1.0,1.0,False,diagnosed,False,False,True,SAFE_DIRECT_AUTO
Cauliflower__Bacterial_Spot/0007.jpg,Cauliflower__Bacterial_Spot,Cauliflower,Brassica,False,Brassica,1.0,1.0,False,diagnosed,False,False,True,SAFE_DIRECT_AUTO
Cauliflower__Bacterial_Spot/0008.jpg,Cauliflower__Bacterial_Spot,Cauliflower,Brassica,False,Brassica,1.0,1.0,False,diagnosed,False,False,True,SAFE_DIRECT_AUTO
Cauliflower__Bacterial_Spot/0009.jpg,Cauliflower__Bacterial_Spot,Cauliflower,Brassica,False,Brassica,1.0,1.0,False,diagnosed,False,False,True,SAFE_DIRECT_AUTO
Cauliflower__Bacterial_Spot/0010.jpg,Cauliflower__Bacterial_Spot,Cauliflower,Brassica,False,Brassica,1.0,1.0,False,diagnosed,False,False,True,SAFE_DIRECT_AUTO
Cauliflower__Black_Spot/0001.jpg,Cauliflower__Black_Spot,Cauliflower,Brassica,False,Brassica,1.0,1.0,False,diagnosed,False,False,True,SAFE_DIRECT_AUTO
Cauliflower__Black_Spot/0002.jpg,Cauliflower__Black_Spot,Cauliflower,Brassica,False,Brassica,1.0,1.0,False,diagnosed,False,False,True,SAFE_DIRECT_AUTO
Cauliflower__Black_Spot/0003.jpg,Cauliflower__Black_Spot,Cauliflower,Brassica,False,Brassica,1.0,1.0,False,diagnosed,False,False,True,SAFE_DIRECT_AUTO
Cauliflower__Black_Spot/0004.jpg,Cauliflower__Black_Spot,Cauliflower,Brassica,False,Brassica,1.0,1.0,False,diagnosed,False,False,True,SAFE_DIRECT_AUTO
Cauliflower__Black_Spot/0005.jpg,Cauliflower__Black_Spot,Cauliflower,Brassica,False,Brassica,1.0,1.0,False,diagnosed,False,False,True,SAFE_DIRECT_AUTO
Cauliflower__Black_Spot/0006.jpg,Cauliflower__Black_Spot,Cauliflower,Brassica,False,Brassica,1.0,1.0,False,diagnosed,False,False,True,SAFE_DIRECT_AUTO
Cauliflower__Black_Spot/0007.jpg,Cauliflower__Black_Spot,Cauliflower,Brassica,False,Brassica,1.0,1.0,False,diagnosed,False,False,True,SAFE_DIRECT_AUTO
Cauliflower__Black_Spot/0008.jpg,Cauliflower__Black_Spot,Cauliflower,Brassica,False,Brassica,1.0,1.0,False,diagnosed,False,False,True,SAFE_DIRECT_AUTO
Cauliflower__Black_Spot/0009.jpg,Cauliflower__Black_Spot,Cauliflower,Brassica,False,Brassica,1.0,1.0,False,diagnosed,False,False,True,SAFE_DIRECT_AUTO
Cauliflower__Black_Spot/0010.jpg,Cauliflower__Black_Spot,Cauliflower,Brassica,False,Brassica,1.0,1.0,False,diagnosed,False,False,True,SAFE_DIRECT_AUTO
Cauliflower__Downy_Mildew/0001.jpg,Cauliflower__Downy_Mildew,Cauliflower,Brassica,False,Brassica,0.9678,0.9454,False,diagnosed,False,False,True,SAFE_DIRECT_AUTO
Cauliflower__Downy_Mildew/0002.jpg,Cauliflower__Downy_Mildew,Cauliflower,Brassica,False,Brassica,1.0,1.0,False,diagnosed,False,False,True,SAFE_DIRECT_AUTO
Cauliflower__Downy_Mildew/0003.jpg,Cauliflower__Downy_Mildew,Cauliflower,Brassica,False,Brassica,1.0,1.0,False,diagnosed,False,False,True,SAFE_DIRECT_AUTO
Cauliflower__Downy_Mildew/0004.jpg,Cauliflower__Downy_Mildew,Cauliflower,Brassica,False,Brassica,0.9998,0.9996,False,diagnosed,False,False,True,SAFE_DIRECT_AUTO
Cauliflower__Downy_Mildew/0005.jpg,Cauliflower__Downy_Mildew,Cauliflower,Brassica,False,Brassica,0.9845,0.9772,False,diagnosed,False,False,True,SAFE_DIRECT_AUTO
Cauliflower__Downy_Mildew/0006.jpg,Cauliflower__Downy_Mildew,Cauliflower,Brassica,False,Brassica,0.9985,0.9972,False,diagnosed,False,False,True,SAFE_DIRECT_AUTO
Cauliflower__Downy_Mildew/0007.jpg,Cauliflower__Downy_Mildew,Cauliflower,Brassica,False,Brassica,0.9989,0.9982,False,diagnosed,False,False,True,SAFE_DIRECT_AUTO
Cauliflower__Downy_Mildew/0008.jpg,Cauliflower__Downy_Mildew,Cauliflower,Brassica,False,Brassica,1.0,1.0,False,diagnosed,False,False,True,SAFE_DIRECT_AUTO
Cauliflower__Downy_Mildew/0009.jpg,Cauliflower__Downy_Mildew,Cauliflower,Brassica,False,Brassica,1.0,1.0,False,diagnosed,False,False,True,SAFE_DIRECT_AUTO
Cauliflower__Downy_Mildew/0010.jpg,Cauliflower__Downy_Mildew,Cauliflower,Brassica,False,Brassica,0.9969,0.995,False,diagnosed,False,False,True,UNSAFE_AUTO_ADVISORY
Cauliflower__Healthy/0002.jpg,Cauliflower__Healthy,Cauliflower,Brassica,False,Brassica,1.0,1.0,False,diagnosed,False,False,True,SAFE_DIRECT_AUTO
Cauliflower__Healthy/0003.jpg,Cauliflower__Healthy,Cauliflower,Brassica,False,Brassica,1.0,1.0,False,diagnosed,False,False,True,SAFE_DIRECT_AUTO
Cauliflower__Healthy/0004.jpg,Cauliflower__Healthy,Cauliflower,Brassica,False,Brassica,1.0,1.0,False,diagnosed,False,False,True,SAFE_DIRECT_AUTO
Cauliflower__Healthy/0006.jpg,Cauliflower__Healthy,Cauliflower,Brassica,False,Brassica,0.9998,0.9997,False,diagnosed,False,False,True,SAFE_DIRECT_AUTO
Cauliflower__Healthy/0007.jpg,Cauliflower__Healthy,Cauliflower,Brassica,False,Brassica,1.0,1.0,False,diagnosed,False,False,True,SAFE_DIRECT_AUTO
Cauliflower__Healthy/0008.jpg,Cauliflower__Healthy,Cauliflower,Brassica,False,Brassica,1.0,1.0,False,diagnosed,False,False,True,SAFE_DIRECT_AUTO
Cauliflower__Healthy/0009.jpg,Cauliflower__Healthy,Cauliflower,Brassica,False,Brassica,1.0,1.0,False,diagnosed,False,False,True,SAFE_DIRECT_AUTO
Cauliflower__Healthy/0010.jpg,Cauliflower__Healthy,Cauliflower,Brassica,False,Brassica,1.0,1.0,False,diagnosed,False,False,True,SAFE_DIRECT_AUTO
Cauliflower__Nutrient_Deficiency/0001.jpg,Cauliflower__Nutrient_Deficiency,Cauliflower,Brassica,False,Brassica,1.0,1.0,False,diagnosed,False,False,True,SAFE_DIRECT_AUTO
Cauliflower__Nutrient_Deficiency/0002.jpg,Cauliflower__Nutrient_Deficiency,Cauliflower,Brassica,False,Brassica,1.0,1.0,False,diagnosed,False,False,True,SAFE_DIRECT_AUTO
Cauliflower__Nutrient_Deficiency/0003.jpg,Cauliflower__Nutrient_Deficiency,Cauliflower,Brassica,False,Brassica,1.0,1.0,False,diagnosed,False,False,True,SAFE_DIRECT_AUTO
Cauliflower__Nutrient_Deficiency/0004.jpg,Cauliflower__Nutrient_Deficiency,Cauliflower,Brassica,False,Brassica,1.0,1.0,False,diagnosed,False,False,True,SAFE_DIRECT_AUTO
Cauliflower__Nutrient_Deficiency/0005.jpg,Cauliflower__Nutrient_Deficiency,Cauliflower,Brassica,False,Brassica,1.0,1.0,False,diagnosed,False,False,True,SAFE_DIRECT_AUTO
Cauliflower__Nutrient_Deficiency/0006.jpg,Cauliflower__Nutrient_Deficiency,Cauliflower,Brassica,False,Brassica,1.0,1.0,False,diagnosed,False,False,True,SAFE_DIRECT_AUTO
Cauliflower__Nutrient_Deficiency/0007.jpg,Cauliflower__Nutrient_Deficiency,Cauliflower,Brassica,False,Brassica,1.0,1.0,False,diagnosed,False,False,True,SAFE_DIRECT_AUTO
Cauliflower__Nutrient_Deficiency/0008.jpg,Cauliflower__Nutrient_Deficiency,Cauliflower,Brassica,False,Brassica,1.0,1.0,False,diagnosed,False,False,True,SAFE_DIRECT_AUTO
Cauliflower__Nutrient_Deficiency/0009.jpg,Cauliflower__Nutrient_Deficiency,Cauliflower,Brassica,False,Brassica,1.0,1.0,False,diagnosed,False,False,True,SAFE_DIRECT_AUTO
Cauliflower__Nutrient_Deficiency/0010.jpg,Cauliflower__Nutrient_Deficiency,Cauliflower,Brassica,False,Brassica,1.0,1.0,False,diagnosed,False,False,True,SAFE_DIRECT_AUTO
Chili__Bacterial_Spot/0001.jpg,Chili__Bacterial_Spot,Chili,Solanacea,False,Solanacea,1.0,1.0,True,uncertain,True,False,False,SAFE_CONFIRMATION_INTERCEPT
Chili__Bacterial_Spot/0002.jpg,Chili__Bacterial_Spot,Chili,Solanacea,False,Solanacea,1.0,1.0,True,uncertain,True,False,False,SAFE_CONFIRMATION_INTERCEPT
Chili__Bacterial_Spot/0003.jpg,Chili__Bacterial_Spot,Chili,Solanacea,False,Solanacea,1.0,1.0,True,uncertain,True,False,False,SAFE_CONFIRMATION_INTERCEPT
Chili__Bacterial_Spot/0004.jpg,Chili__Bacterial_Spot,Chili,Solanacea,False,Solanacea,0.9999,0.9998,True,uncertain,True,False,False,SAFE_CONFIRMATION_INTERCEPT
Chili__Bacterial_Spot/0005.jpg,Chili__Bacterial_Spot,Chili,Solanacea,False,Solanacea,1.0,1.0,True,uncertain,True,False,False,SAFE_CONFIRMATION_INTERCEPT
Chili__Bacterial_Spot/0006.jpg,Chili__Bacterial_Spot,Chili,Solanacea,False,Solanacea,1.0,1.0,True,uncertain,True,False,False,SAFE_CONFIRMATION_INTERCEPT
Chili__Bacterial_Spot/0007.jpg,Chili__Bacterial_Spot,Chili,Solanacea,False,Solanacea,1.0,1.0,True,uncertain,True,False,False,SAFE_CONFIRMATION_INTERCEPT
Chili__Bacterial_Spot/0008.jpg,Chili__Bacterial_Spot,Chili,Solanacea,False,Solanacea,1.0,1.0,True,uncertain,True,False,False,SAFE_CONFIRMATION_INTERCEPT
Chili__Bacterial_Spot/0009.jpg,Chili__Bacterial_Spot,Chili,Solanacea,False,Solanacea,1.0,1.0,True,uncertain,True,False,False,SAFE_CONFIRMATION_INTERCEPT
Chili__Bacterial_Spot/0010.jpg,Chili__Bacterial_Spot,Chili,Solanacea,False,Solanacea,1.0,1.0,True,uncertain,True,False,False,SAFE_CONFIRMATION_INTERCEPT
Chili__Cercospora_Leaf_Spot/0001.jpg,Chili__Cercospora_Leaf_Spot,Chili,Solanacea,False,Solanacea,1.0,1.0,True,uncertain,True,False,False,SAFE_CONFIRMATION_INTERCEPT
Chili__Cercospora_Leaf_Spot/0002.jpg,Chili__Cercospora_Leaf_Spot,Chili,Solanacea,False,Solanacea,0.9999,0.9998,True,uncertain,True,False,False,SAFE_CONFIRMATION_INTERCEPT
Chili__Cercospora_Leaf_Spot/0003.jpg,Chili__Cercospora_Leaf_Spot,Chili,Solanacea,False,Solanacea,1.0,1.0,True,uncertain,True,False,False,SAFE_CONFIRMATION_INTERCEPT
Chili__Cercospora_Leaf_Spot/0004.jpg,Chili__Cercospora_Leaf_Spot,Chili,Solanacea,False,Solanacea,0.9978,0.9956,True,uncertain,True,False,False,SAFE_CONFIRMATION_INTERCEPT
Chili__Cercospora_Leaf_Spot/0005.jpg,Chili__Cercospora_Leaf_Spot,Chili,Solanacea,False,Solanacea,1.0,1.0,True,uncertain,True,False,False,SAFE_CONFIRMATION_INTERCEPT
Chili__Cercospora_Leaf_Spot/0006.jpg,Chili__Cercospora_Leaf_Spot,Chili,Solanacea,False,Solanacea,0.9999,0.9998,True,uncertain,True,False,False,SAFE_CONFIRMATION_INTERCEPT
Chili__Cercospora_Leaf_Spot/0007.jpg,Chili__Cercospora_Leaf_Spot,Chili,Solanacea,False,Solanacea,0.9923,0.9851,True,uncertain,True,False,False,SAFE_CONFIRMATION_INTERCEPT
Chili__Cercospora_Leaf_Spot/0008.jpg,Chili__Cercospora_Leaf_Spot,Chili,Solanacea,False,Solanacea,0.9943,0.9887,True,uncertain,True,False,False,SAFE_CONFIRMATION_INTERCEPT
Chili__Cercospora_Leaf_Spot/0009.jpg,Chili__Cercospora_Leaf_Spot,Chili,Solanacea,False,Solanacea,0.9994,0.9988,True,uncertain,True,False,False,SAFE_CONFIRMATION_INTERCEPT
Chili__Cercospora_Leaf_Spot/0010.jpg,Chili__Cercospora_Leaf_Spot,Chili,Solanacea,False,Solanacea,1.0,1.0,True,uncertain,True,False,False,SAFE_CONFIRMATION_INTERCEPT
Chili__Curl_Virus/0001.jpg,Chili__Curl_Virus,Chili,Solanacea,False,Solanacea,1.0,1.0,True,uncertain,True,False,False,SAFE_CONFIRMATION_INTERCEPT
Chili__Curl_Virus/0002.jpg,Chili__Curl_Virus,Chili,Solanacea,False,Solanacea,1.0,1.0,True,uncertain,True,False,False,SAFE_CONFIRMATION_INTERCEPT
Chili__Curl_Virus/0003.jpg,Chili__Curl_Virus,Chili,Solanacea,False,Solanacea,1.0,1.0,True,uncertain,True,False,False,SAFE_CONFIRMATION_INTERCEPT
Chili__Curl_Virus/0004.jpg,Chili__Curl_Virus,Chili,Solanacea,False,Solanacea,1.0,1.0,True,uncertain,True,False,False,SAFE_CONFIRMATION_INTERCEPT
Chili__Curl_Virus/0005.jpg,Chili__Curl_Virus,Chili,Solanacea,False,Solanacea,0.9999,0.9998,True,uncertain,True,False,False,SAFE_CONFIRMATION_INTERCEPT
Chili__Curl_Virus/0006.jpg,Chili__Curl_Virus,Chili,Solanacea,False,Solanacea,1.0,1.0,True,uncertain,True,False,False,SAFE_CONFIRMATION_INTERCEPT
Chili__Curl_Virus/0007.jpg,Chili__Curl_Virus,Chili,Solanacea,False,Solanacea,1.0,1.0,True,uncertain,True,False,False,SAFE_CONFIRMATION_INTERCEPT
Chili__Curl_Virus/0008.jpg,Chili__Curl_Virus,Chili,Solanacea,False,Solanacea,1.0,1.0,True,uncertain,True,False,False,SAFE_CONFIRMATION_INTERCEPT
Chili__Curl_Virus/0009.jpg,Chili__Curl_Virus,Chili,Solanacea,False,Solanacea,1.0,1.0,True,uncertain,True,False,False,SAFE_CONFIRMATION_INTERCEPT
Chili__Curl_Virus/0010.jpg,Chili__Curl_Virus,Chili,Solanacea,False,Solanacea,1.0,1.0,True,uncertain,True,False,False,SAFE_CONFIRMATION_INTERCEPT
Chili__Healthy_Leaf/0001.jpg,Chili__Healthy_Leaf,Chili,Solanacea,False,Solanacea,1.0,1.0,True,uncertain,True,False,False,SAFE_CONFIRMATION_INTERCEPT
Chili__Healthy_Leaf/0002.jpg,Chili__Healthy_Leaf,Chili,Solanacea,False,Solanacea,1.0,1.0,True,uncertain,True,False,False,SAFE_CONFIRMATION_INTERCEPT
Chili__Healthy_Leaf/0003.jpg,Chili__Healthy_Leaf,Chili,Solanacea,False,Solanacea,1.0,1.0,True,uncertain,True,False,False,SAFE_CONFIRMATION_INTERCEPT
Chili__Healthy_Leaf/0004.jpg,Chili__Healthy_Leaf,Chili,Solanacea,False,Solanacea,1.0,1.0,True,uncertain,True,False,False,SAFE_CONFIRMATION_INTERCEPT
Chili__Healthy_Leaf/0005.jpg,Chili__Healthy_Leaf,Chili,Solanacea,False,Solanacea,1.0,1.0,True,uncertain,True,False,False,SAFE_CONFIRMATION_INTERCEPT
Chili__Healthy_Leaf/0006.jpg,Chili__Healthy_Leaf,Chili,Solanacea,False,Solanacea,1.0,1.0,True,uncertain,True,False,False,SAFE_CONFIRMATION_INTERCEPT
Chili__Healthy_Leaf/0007.jpg,Chili__Healthy_Leaf,Chili,Solanacea,False,Solanacea,0.9999,0.9998,True,uncertain,True,False,False,SAFE_CONFIRMATION_INTERCEPT
Chili__Healthy_Leaf/0008.jpg,Chili__Healthy_Leaf,Chili,Solanacea,False,Solanacea,1.0,1.0,True,uncertain,True,False,False,SAFE_CONFIRMATION_INTERCEPT
Chili__Healthy_Leaf/0009.jpg,Chili__Healthy_Leaf,Chili,Solanacea,False,Solanacea,1.0,1.0,True,uncertain,True,False,False,SAFE_CONFIRMATION_INTERCEPT
Chili__Healthy_Leaf/0010.jpg,Chili__Healthy_Leaf,Chili,Solanacea,False,Solanacea,1.0,1.0,True,uncertain,True,False,False,SAFE_CONFIRMATION_INTERCEPT
Eggplant__Healthy_Leaf/0001.jpg,Eggplant__Healthy_Leaf,Eggplant,Solanacea,False,Solanacea,1.0,1.0,True,uncertain,True,False,False,SAFE_CONFIRMATION_INTERCEPT
Eggplant__Healthy_Leaf/0002.jpg,Eggplant__Healthy_Leaf,Eggplant,Solanacea,False,Solanacea,1.0,1.0,True,uncertain,True,False,False,SAFE_CONFIRMATION_INTERCEPT
Eggplant__Healthy_Leaf/0003.jpg,Eggplant__Healthy_Leaf,Eggplant,Solanacea,False,Solanacea,1.0,1.0,True,uncertain,True,False,False,SAFE_CONFIRMATION_INTERCEPT
Eggplant__Healthy_Leaf/0004.jpg,Eggplant__Healthy_Leaf,Eggplant,Solanacea,False,Solanacea,0.9991,0.9983,True,uncertain,True,False,False,SAFE_CONFIRMATION_INTERCEPT
Eggplant__Healthy_Leaf/0005.jpg,Eggplant__Healthy_Leaf,Eggplant,Solanacea,False,Solanacea,1.0,1.0,True,uncertain,True,False,False,SAFE_CONFIRMATION_INTERCEPT
Eggplant__Healthy_Leaf/0006.jpg,Eggplant__Healthy_Leaf,Eggplant,Solanacea,False,Solanacea,1.0,1.0,True,uncertain,True,False,False,SAFE_CONFIRMATION_INTERCEPT
Eggplant__Healthy_Leaf/0007.jpg,Eggplant__Healthy_Leaf,Eggplant,Solanacea,False,Solanacea,1.0,1.0,True,uncertain,True,False,False,SAFE_CONFIRMATION_INTERCEPT
Eggplant__Healthy_Leaf/0008.jpg,Eggplant__Healthy_Leaf,Eggplant,Solanacea,False,Solanacea,0.9998,0.9997,True,uncertain,True,False,False,SAFE_CONFIRMATION_INTERCEPT
Eggplant__Healthy_Leaf/0009.jpg,Eggplant__Healthy_Leaf,Eggplant,Solanacea,False,Solanacea,0.9925,0.9869,True,uncertain,True,False,False,SAFE_CONFIRMATION_INTERCEPT
Eggplant__Healthy_Leaf/0010.jpg,Eggplant__Healthy_Leaf,Eggplant,Solanacea,False,Solanacea,1.0,1.0,True,uncertain,True,False,False,SAFE_CONFIRMATION_INTERCEPT
Eggplant__Insect_Pest_Disease/0001.jpg,Eggplant__Insect_Pest_Disease,Eggplant,Solanacea,False,Solanacea,1.0,1.0,True,uncertain,True,False,False,SAFE_CONFIRMATION_INTERCEPT
Eggplant__Insect_Pest_Disease/0002.jpg,Eggplant__Insect_Pest_Disease,Eggplant,Solanacea,False,Solanacea,1.0,1.0,True,uncertain,True,False,False,SAFE_CONFIRMATION_INTERCEPT
Eggplant__Insect_Pest_Disease/0003.jpg,Eggplant__Insect_Pest_Disease,Eggplant,Solanacea,False,Solanacea,1.0,1.0,True,uncertain,True,False,False,SAFE_CONFIRMATION_INTERCEPT
Eggplant__Insect_Pest_Disease/0004.jpg,Eggplant__Insect_Pest_Disease,Eggplant,Solanacea,False,Solanacea,1.0,1.0,True,uncertain,True,False,False,SAFE_CONFIRMATION_INTERCEPT
Eggplant__Insect_Pest_Disease/0005.jpg,Eggplant__Insect_Pest_Disease,Eggplant,Solanacea,False,Solanacea,0.9998,0.9997,True,uncertain,True,False,False,SAFE_CONFIRMATION_INTERCEPT
Eggplant__Insect_Pest_Disease/0006.jpg,Eggplant__Insect_Pest_Disease,Eggplant,Solanacea,False,Solanacea,1.0,1.0,True,uncertain,True,False,False,SAFE_CONFIRMATION_INTERCEPT
Eggplant__Insect_Pest_Disease/0007.jpg,Eggplant__Insect_Pest_Disease,Eggplant,Solanacea,False,Solanacea,1.0,1.0,True,uncertain,True,False,False,SAFE_CONFIRMATION_INTERCEPT
Eggplant__Insect_Pest_Disease/0008.jpg,Eggplant__Insect_Pest_Disease,Eggplant,Solanacea,False,Solanacea,0.9991,0.9982,True,uncertain,True,False,False,SAFE_CONFIRMATION_INTERCEPT
Eggplant__Insect_Pest_Disease/0009.jpg,Eggplant__Insect_Pest_Disease,Eggplant,Solanacea,False,Solanacea,0.9995,0.999,True,uncertain,True,False,False,SAFE_CONFIRMATION_INTERCEPT
Eggplant__Insect_Pest_Disease/0010.jpg,Eggplant__Insect_Pest_Disease,Eggplant,Solanacea,False,Solanacea,1.0,1.0,True,uncertain,True,False,False,SAFE_CONFIRMATION_INTERCEPT
Eggplant__Leaf_Spot_Disease/0001.jpg,Eggplant__Leaf_Spot_Disease,Eggplant,Solanacea,False,Solanacea,0.9999,0.9998,True,uncertain,True,False,False,SAFE_CONFIRMATION_INTERCEPT
Eggplant__Leaf_Spot_Disease/0002.jpg,Eggplant__Leaf_Spot_Disease,Eggplant,Solanacea,False,Solanacea,1.0,1.0,True,uncertain,True,False,False,SAFE_CONFIRMATION_INTERCEPT
Eggplant__Leaf_Spot_Disease/0003.jpg,Eggplant__Leaf_Spot_Disease,Eggplant,Solanacea,False,Solanacea,1.0,1.0,True,uncertain,True,False,False,SAFE_CONFIRMATION_INTERCEPT
Eggplant__Leaf_Spot_Disease/0004.jpg,Eggplant__Leaf_Spot_Disease,Eggplant,Solanacea,False,Solanacea,1.0,1.0,True,uncertain,True,False,False,SAFE_CONFIRMATION_INTERCEPT
Eggplant__Leaf_Spot_Disease/0005.jpg,Eggplant__Leaf_Spot_Disease,Eggplant,Solanacea,False,Solanacea,1.0,1.0,True,uncertain,True,False,False,SAFE_CONFIRMATION_INTERCEPT
Eggplant__Leaf_Spot_Disease/0006.jpg,Eggplant__Leaf_Spot_Disease,Eggplant,Solanacea,False,Solanacea,1.0,1.0,True,uncertain,True,False,False,SAFE_CONFIRMATION_INTERCEPT
Eggplant__Leaf_Spot_Disease/0007.jpg,Eggplant__Leaf_Spot_Disease,Eggplant,Solanacea,False,Solanacea,0.9999,0.9998,True,uncertain,True,False,False,SAFE_CONFIRMATION_INTERCEPT
Eggplant__Leaf_Spot_Disease/0008.jpg,Eggplant__Leaf_Spot_Disease,Eggplant,Solanacea,False,Solanacea,1.0,1.0,True,uncertain,True,False,False,SAFE_CONFIRMATION_INTERCEPT
Eggplant__Leaf_Spot_Disease/0009.jpg,Eggplant__Leaf_Spot_Disease,Eggplant,Solanacea,False,Solanacea,1.0,1.0,True,uncertain,True,False,False,SAFE_CONFIRMATION_INTERCEPT
Eggplant__Leaf_Spot_Disease/0010.jpg,Eggplant__Leaf_Spot_Disease,Eggplant,Solanacea,False,Solanacea,1.0,1.0,True,uncertain,True,False,False,SAFE_CONFIRMATION_INTERCEPT
Eggplant__Mosaic_Virus_Disease/0001.jpg,Eggplant__Mosaic_Virus_Disease,Eggplant,Solanacea,False,Solanacea,1.0,1.0,True,uncertain,True,False,False,SAFE_CONFIRMATION_INTERCEPT
Eggplant__Mosaic_Virus_Disease/0002.jpg,Eggplant__Mosaic_Virus_Disease,Eggplant,Solanacea,False,Solanacea,1.0,1.0,True,uncertain,True,False,False,SAFE_CONFIRMATION_INTERCEPT
Eggplant__Mosaic_Virus_Disease/0003.jpg,Eggplant__Mosaic_Virus_Disease,Eggplant,Solanacea,False,Solanacea,0.9989,0.9978,True,uncertain,True,False,False,SAFE_CONFIRMATION_INTERCEPT
Eggplant__Mosaic_Virus_Disease/0004.jpg,Eggplant__Mosaic_Virus_Disease,Eggplant,Solanacea,False,Solanacea,1.0,1.0,True,uncertain,True,False,False,SAFE_CONFIRMATION_INTERCEPT
Eggplant__Mosaic_Virus_Disease/0005.jpg,Eggplant__Mosaic_Virus_Disease,Eggplant,Solanacea,False,Solanacea,1.0,1.0,True,uncertain,True,False,False,SAFE_CONFIRMATION_INTERCEPT
Eggplant__Mosaic_Virus_Disease/0006.jpg,Eggplant__Mosaic_Virus_Disease,Eggplant,Solanacea,False,Solanacea,1.0,1.0,True,uncertain,True,False,False,SAFE_CONFIRMATION_INTERCEPT
Eggplant__Mosaic_Virus_Disease/0007.jpg,Eggplant__Mosaic_Virus_Disease,Eggplant,Solanacea,False,Solanacea,1.0,1.0,True,uncertain,True,False,False,SAFE_CONFIRMATION_INTERCEPT
Eggplant__Mosaic_Virus_Disease/0008.jpg,Eggplant__Mosaic_Virus_Disease,Eggplant,Solanacea,False,Solanacea,1.0,1.0,True,uncertain,True,False,False,SAFE_CONFIRMATION_INTERCEPT
Eggplant__Mosaic_Virus_Disease/0009.jpg,Eggplant__Mosaic_Virus_Disease,Eggplant,Solanacea,False,Solanacea,1.0,1.0,True,uncertain,True,False,False,SAFE_CONFIRMATION_INTERCEPT
Eggplant__Mosaic_Virus_Disease/0010.jpg,Eggplant__Mosaic_Virus_Disease,Eggplant,Solanacea,False,Solanacea,0.9582,0.9165,True,uncertain,True,False,False,SAFE_CONFIRMATION_INTERCEPT
Eggplant__Wilt_Disease/0001.jpg,Eggplant__Wilt_Disease,Eggplant,Solanacea,False,Solanacea,0.9805,0.9643,True,uncertain,True,False,False,SAFE_CONFIRMATION_INTERCEPT
Eggplant__Wilt_Disease/0002.jpg,Eggplant__Wilt_Disease,Eggplant,Solanacea,False,Solanacea,1.0,1.0,True,uncertain,True,False,False,SAFE_CONFIRMATION_INTERCEPT
Eggplant__Wilt_Disease/0003.jpg,Eggplant__Wilt_Disease,Eggplant,Solanacea,False,Solanacea,0.9795,0.966,True,uncertain,True,False,False,SAFE_CONFIRMATION_INTERCEPT
Eggplant__Wilt_Disease/0004.jpg,Eggplant__Wilt_Disease,Eggplant,Solanacea,False,Solanacea,0.5515,0.2538,True,uncertain,True,False,False,SAFE_CONFIRMATION_INTERCEPT
Eggplant__Wilt_Disease/0005.jpg,Eggplant__Wilt_Disease,Eggplant,Solanacea,False,Solanacea,0.9937,0.9895,True,uncertain,True,False,False,SAFE_CONFIRMATION_INTERCEPT
Eggplant__Wilt_Disease/0006.jpg,Eggplant__Wilt_Disease,Eggplant,Solanacea,False,Solanacea,0.9976,0.9962,True,uncertain,True,False,False,SAFE_CONFIRMATION_INTERCEPT
Eggplant__Wilt_Disease/0007.jpg,Eggplant__Wilt_Disease,Eggplant,Solanacea,False,Solanacea,0.9943,0.9903,True,uncertain,True,False,False,SAFE_CONFIRMATION_INTERCEPT
Eggplant__Wilt_Disease/0008.jpg,Eggplant__Wilt_Disease,Eggplant,Solanacea,False,Solanacea,0.954,0.9082,True,uncertain,True,False,False,SAFE_CONFIRMATION_INTERCEPT
Eggplant__Wilt_Disease/0009.jpg,Eggplant__Wilt_Disease,Eggplant,Solanacea,False,Solanacea,0.9998,0.9997,True,uncertain,True,False,False,SAFE_CONFIRMATION_INTERCEPT
Eggplant__Wilt_Disease/0010.jpg,Eggplant__Wilt_Disease,Eggplant,Solanacea,False,Solanacea,1.0,1.0,True,uncertain,True,False,False,SAFE_CONFIRMATION_INTERCEPT
Gourd__Alternaria_Leaf_Blight/0001.jpg,Gourd__Alternaria_Leaf_Blight,Gourd,GourdGuava,True,GourdGuava,1.0,1.0,False,no_disease_model,False,False,False,SAFE_ABSTAIN
Gourd__Alternaria_Leaf_Blight/0002.jpg,Gourd__Alternaria_Leaf_Blight,Gourd,GourdGuava,True,GourdGuava,1.0,1.0,False,no_disease_model,False,False,False,SAFE_ABSTAIN
Gourd__Alternaria_Leaf_Blight/0003.jpg,Gourd__Alternaria_Leaf_Blight,Gourd,GourdGuava,True,GourdGuava,1.0,1.0,False,no_disease_model,False,False,False,SAFE_ABSTAIN
Gourd__Alternaria_Leaf_Blight/0004.jpg,Gourd__Alternaria_Leaf_Blight,Gourd,GourdGuava,True,GourdGuava,1.0,1.0,False,no_disease_model,False,False,False,SAFE_ABSTAIN
Gourd__Alternaria_Leaf_Blight/0005.jpg,Gourd__Alternaria_Leaf_Blight,Gourd,GourdGuava,True,GourdGuava,1.0,1.0,False,no_disease_model,False,False,False,SAFE_ABSTAIN
Gourd__Alternaria_Leaf_Blight/0006.jpg,Gourd__Alternaria_Leaf_Blight,Gourd,GourdGuava,True,GourdGuava,1.0,1.0,False,no_disease_model,False,False,False,SAFE_ABSTAIN
Gourd__Alternaria_Leaf_Blight/0007.jpg,Gourd__Alternaria_Leaf_Blight,Gourd,GourdGuava,True,GourdGuava,1.0,1.0,False,no_disease_model,False,False,False,SAFE_ABSTAIN
Gourd__Alternaria_Leaf_Blight/0008.jpg,Gourd__Alternaria_Leaf_Blight,Gourd,GourdGuava,True,GourdGuava,1.0,1.0,False,no_disease_model,False,False,False,SAFE_ABSTAIN
Gourd__Alternaria_Leaf_Blight/0009.jpg,Gourd__Alternaria_Leaf_Blight,Gourd,GourdGuava,True,GourdGuava,1.0,1.0,False,no_disease_model,False,False,False,SAFE_ABSTAIN
Gourd__Alternaria_Leaf_Blight/0010.jpg,Gourd__Alternaria_Leaf_Blight,Gourd,GourdGuava,True,GourdGuava,1.0,1.0,False,no_disease_model,False,False,False,SAFE_ABSTAIN
Gourd__Downy_Mildew/0003.jpg,Gourd__Downy_Mildew,Gourd,GourdGuava,True,GourdGuava,1.0,1.0,False,no_disease_model,False,False,False,SAFE_ABSTAIN
Gourd__Downy_Mildew/0004.jpg,Gourd__Downy_Mildew,Gourd,GourdGuava,True,GourdGuava,1.0,1.0,False,no_disease_model,False,False,False,SAFE_ABSTAIN
Gourd__Downy_Mildew/0006.jpg,Gourd__Downy_Mildew,Gourd,GourdGuava,True,GourdGuava,1.0,1.0,False,no_disease_model,False,False,False,SAFE_ABSTAIN
Gourd__Downy_Mildew/0008.jpg,Gourd__Downy_Mildew,Gourd,GourdGuava,True,GourdGuava,1.0,1.0,False,no_disease_model,False,False,False,SAFE_ABSTAIN
Gourd__Healthy_Leaf/0003.jpg,Gourd__Healthy_Leaf,Gourd,GourdGuava,True,GourdGuava,1.0,1.0,False,no_disease_model,False,False,False,SAFE_ABSTAIN
Gourd__Healthy_Leaf/0009.jpg,Gourd__Healthy_Leaf,Gourd,GourdGuava,True,GourdGuava,1.0,1.0,False,no_disease_model,False,False,False,SAFE_ABSTAIN
Gourd__Mosaic_Virus/0001.jpg,Gourd__Mosaic_Virus,Gourd,GourdGuava,True,GourdGuava,1.0,1.0,False,no_disease_model,False,False,False,SAFE_ABSTAIN
Gourd__Mosaic_Virus/0004.jpg,Gourd__Mosaic_Virus,Gourd,GourdGuava,True,GourdGuava,1.0,1.0,False,no_disease_model,False,False,False,SAFE_ABSTAIN
Gourd__Mosaic_Virus/0005.jpg,Gourd__Mosaic_Virus,Gourd,GourdGuava,True,GourdGuava,0.986,0.972,False,no_disease_model,False,False,False,SAFE_ABSTAIN
Gourd__Mosaic_Virus/0006.jpg,Gourd__Mosaic_Virus,Gourd,GourdGuava,True,GourdGuava,1.0,1.0,False,no_disease_model,False,False,False,SAFE_ABSTAIN
Gourd__Mosaic_Virus/0007.jpg,Gourd__Mosaic_Virus,Gourd,GourdGuava,True,GourdGuava,1.0,1.0,False,no_disease_model,False,False,False,SAFE_ABSTAIN
Gourd__Mosaic_Virus/0008.jpg,Gourd__Mosaic_Virus,Gourd,GourdGuava,True,GourdGuava,1.0,1.0,False,no_disease_model,False,False,False,SAFE_ABSTAIN
Gourd__Mosaic_Virus/0009.jpg,Gourd__Mosaic_Virus,Gourd,GourdGuava,True,GourdGuava,1.0,1.0,False,no_disease_model,False,False,False,SAFE_ABSTAIN
Gourd__Mosaic_Virus/0010.jpg,Gourd__Mosaic_Virus,Gourd,GourdGuava,True,GourdGuava,0.9984,0.9968,False,no_disease_model,False,False,False,SAFE_ABSTAIN
Guava__Algal_Leaf_Spot/0001.jpg,Guava__Algal_Leaf_Spot,Guava,GourdGuava,True,GourdGuava,1.0,1.0,False,no_disease_model,False,False,False,SAFE_ABSTAIN
Guava__Algal_Leaf_Spot/0002.jpg,Guava__Algal_Leaf_Spot,Guava,GourdGuava,True,GourdGuava,1.0,1.0,False,no_disease_model,False,False,False,SAFE_ABSTAIN
Guava__Algal_Leaf_Spot/0003.jpg,Guava__Algal_Leaf_Spot,Guava,GourdGuava,True,GourdGuava,0.9991,0.9983,False,no_disease_model,False,False,False,SAFE_ABSTAIN
Guava__Algal_Leaf_Spot/0004.jpg,Guava__Algal_Leaf_Spot,Guava,GourdGuava,True,GourdGuava,1.0,1.0,False,no_disease_model,False,False,False,SAFE_ABSTAIN
Guava__Algal_Leaf_Spot/0005.jpg,Guava__Algal_Leaf_Spot,Guava,GourdGuava,True,GourdGuava,0.9958,0.9935,False,no_disease_model,False,False,False,SAFE_ABSTAIN
Guava__Algal_Leaf_Spot/0006.jpg,Guava__Algal_Leaf_Spot,Guava,GourdGuava,True,GourdGuava,1.0,1.0,False,no_disease_model,False,False,False,SAFE_ABSTAIN
Guava__Algal_Leaf_Spot/0007.jpg,Guava__Algal_Leaf_Spot,Guava,GourdGuava,True,GourdGuava,0.881,0.7649,False,uncertain,True,False,False,SAFE_CONFIRMATION_INTERCEPT
Guava__Algal_Leaf_Spot/0008.jpg,Guava__Algal_Leaf_Spot,Guava,GourdGuava,True,GourdGuava,1.0,1.0,False,no_disease_model,False,False,False,SAFE_ABSTAIN
Guava__Algal_Leaf_Spot/0009.jpg,Guava__Algal_Leaf_Spot,Guava,GourdGuava,True,GourdGuava,0.999,0.9981,False,no_disease_model,False,False,False,SAFE_ABSTAIN
Guava__Algal_Leaf_Spot/0010.jpg,Guava__Algal_Leaf_Spot,Guava,GourdGuava,True,GourdGuava,0.9968,0.9938,False,no_disease_model,False,False,False,SAFE_ABSTAIN
Guava__Dry_Leaf/0001.jpg,Guava__Dry_Leaf,Guava,GourdGuava,True,GourdGuava,0.9885,0.9772,False,no_disease_model,False,False,False,SAFE_ABSTAIN
Guava__Dry_Leaf/0002.jpg,Guava__Dry_Leaf,Guava,GourdGuava,True,GourdGuava,0.8215,0.678,False,uncertain,True,False,False,SAFE_CONFIRMATION_INTERCEPT
Guava__Dry_Leaf/0003.jpg,Guava__Dry_Leaf,Guava,GourdGuava,True,GourdGuava,0.9192,0.8519,False,no_disease_model,False,False,False,SAFE_ABSTAIN
Guava__Dry_Leaf/0004.jpg,Guava__Dry_Leaf,Guava,GourdGuava,True,GourdGuava,0.9995,0.9993,False,no_disease_model,False,False,False,SAFE_ABSTAIN
Guava__Dry_Leaf/0005.jpg,Guava__Dry_Leaf,Guava,GourdGuava,True,GourdGuava,0.9893,0.9841,False,no_disease_model,False,False,False,SAFE_ABSTAIN
Guava__Dry_Leaf/0006.jpg,Guava__Dry_Leaf,Guava,GourdGuava,True,GourdGuava,0.7972,0.703,False,uncertain,True,False,False,SAFE_CONFIRMATION_INTERCEPT
Guava__Dry_Leaf/0007.jpg,Guava__Dry_Leaf,Guava,GourdGuava,True,GourdGuava,0.9988,0.9976,False,no_disease_model,False,False,False,SAFE_ABSTAIN
Guava__Dry_Leaf/0008.jpg,Guava__Dry_Leaf,Guava,GourdGuava,True,GourdGuava,0.9975,0.9951,False,no_disease_model,False,False,False,SAFE_ABSTAIN
Guava__Dry_Leaf/0009.jpg,Guava__Dry_Leaf,Guava,GourdGuava,True,Solanacea,0.4344,0.0524,True,uncertain,True,False,False,SAFE_CONFIRMATION_INTERCEPT
Guava__Healthy/0001.jpg,Guava__Healthy,Guava,GourdGuava,True,GourdGuava,1.0,1.0,False,no_disease_model,False,False,False,SAFE_ABSTAIN
Guava__Healthy/0002.jpg,Guava__Healthy,Guava,GourdGuava,True,GourdGuava,1.0,1.0,False,no_disease_model,False,False,False,SAFE_ABSTAIN
Guava__Healthy/0003.jpg,Guava__Healthy,Guava,GourdGuava,True,GourdGuava,0.9993,0.9986,False,no_disease_model,False,False,False,SAFE_ABSTAIN
Guava__Healthy/0004.jpg,Guava__Healthy,Guava,GourdGuava,True,GourdGuava,1.0,1.0,False,no_disease_model,False,False,False,SAFE_ABSTAIN
Guava__Healthy/0005.jpg,Guava__Healthy,Guava,GourdGuava,True,GourdGuava,1.0,1.0,False,no_disease_model,False,False,False,SAFE_ABSTAIN
Guava__Healthy/0006.jpg,Guava__Healthy,Guava,GourdGuava,True,GourdGuava,0.9387,0.8775,False,no_disease_model,False,False,False,SAFE_ABSTAIN
Guava__Healthy/0007.jpg,Guava__Healthy,Guava,GourdGuava,True,GourdGuava,0.9997,0.9994,False,no_disease_model,False,False,False,SAFE_ABSTAIN
Guava__Healthy/0008.jpg,Guava__Healthy,Guava,GourdGuava,True,GourdGuava,0.9989,0.9978,False,no_disease_model,False,False,False,SAFE_ABSTAIN
Guava__Healthy/0009.jpg,Guava__Healthy,Guava,GourdGuava,True,GourdGuava,1.0,1.0,False,no_disease_model,False,False,False,SAFE_ABSTAIN
Guava__Healthy/0010.jpg,Guava__Healthy,Guava,GourdGuava,True,GourdGuava,0.9981,0.9968,False,no_disease_model,False,False,False,SAFE_ABSTAIN
Guava__Insect_Pest_Disease/0001.jpg,Guava__Insect_Pest_Disease,Guava,GourdGuava,True,GourdGuava,0.9978,0.9962,False,no_disease_model,False,False,False,SAFE_ABSTAIN
Guava__Insect_Pest_Disease/0002.jpg,Guava__Insect_Pest_Disease,Guava,GourdGuava,True,GourdGuava,0.9786,0.9583,False,no_disease_model,False,False,False,SAFE_ABSTAIN
Guava__Insect_Pest_Disease/0003.jpg,Guava__Insect_Pest_Disease,Guava,GourdGuava,True,GourdGuava,0.9918,0.9839,False,no_disease_model,False,False,False,SAFE_ABSTAIN
Guava__Insect_Pest_Disease/0004.jpg,Guava__Insect_Pest_Disease,Guava,GourdGuava,True,GourdGuava,0.877,0.7802,False,uncertain,True,False,False,SAFE_CONFIRMATION_INTERCEPT
Guava__Insect_Pest_Disease/0005.jpg,Guava__Insect_Pest_Disease,Guava,GourdGuava,True,GourdGuava,0.9918,0.9854,False,no_disease_model,False,False,False,SAFE_ABSTAIN
Guava__Insect_Pest_Disease/0006.jpg,Guava__Insect_Pest_Disease,Guava,GourdGuava,True,GourdGuava,0.9197,0.8585,False,no_disease_model,False,False,False,SAFE_ABSTAIN
Guava__Insect_Pest_Disease/0007.jpg,Guava__Insect_Pest_Disease,Guava,GourdGuava,True,GourdGuava,0.9993,0.9987,False,no_disease_model,False,False,False,SAFE_ABSTAIN
Guava__Insect_Pest_Disease/0008.jpg,Guava__Insect_Pest_Disease,Guava,GourdGuava,True,Potato,0.5209,0.0453,True,uncertain,True,False,False,SAFE_CONFIRMATION_INTERCEPT
Guava__Insect_Pest_Disease/0009.jpg,Guava__Insect_Pest_Disease,Guava,GourdGuava,True,GourdGuava,0.9985,0.9971,False,no_disease_model,False,False,False,SAFE_ABSTAIN
Guava__Insect_Pest_Disease/0010.jpg,Guava__Insect_Pest_Disease,Guava,GourdGuava,True,GourdGuava,0.9847,0.9751,False,no_disease_model,False,False,False,SAFE_ABSTAIN
Guava__Red_Rust/0001.jpg,Guava__Red_Rust,Guava,GourdGuava,True,GourdGuava,0.9889,0.9833,False,no_disease_model,False,False,False,SAFE_ABSTAIN
Guava__Red_Rust/0002.jpg,Guava__Red_Rust,Guava,GourdGuava,True,GourdGuava,1.0,1.0,False,no_disease_model,False,False,False,SAFE_ABSTAIN
Guava__Red_Rust/0003.jpg,Guava__Red_Rust,Guava,GourdGuava,True,GourdGuava,1.0,1.0,False,no_disease_model,False,False,False,SAFE_ABSTAIN
Guava__Red_Rust/0004.jpg,Guava__Red_Rust,Guava,GourdGuava,True,GourdGuava,1.0,1.0,False,no_disease_model,False,False,False,SAFE_ABSTAIN
Guava__Red_Rust/0005.jpg,Guava__Red_Rust,Guava,GourdGuava,True,GourdGuava,1.0,1.0,False,no_disease_model,False,False,False,SAFE_ABSTAIN
Guava__Red_Rust/0006.jpg,Guava__Red_Rust,Guava,GourdGuava,True,GourdGuava,0.9968,0.9937,False,no_disease_model,False,False,False,SAFE_ABSTAIN
Guava__Red_Rust/0007.jpg,Guava__Red_Rust,Guava,GourdGuava,True,Potato,0.5319,0.0849,True,uncertain,True,False,False,SAFE_CONFIRMATION_INTERCEPT
Guava__Red_Rust/0008.jpg,Guava__Red_Rust,Guava,GourdGuava,True,GourdGuava,1.0,1.0,False,no_disease_model,False,False,False,SAFE_ABSTAIN
Guava__Red_Rust/0009.jpg,Guava__Red_Rust,Guava,GourdGuava,True,GourdGuava,0.941,0.8888,False,no_disease_model,False,False,False,SAFE_ABSTAIN
Guava__Red_Rust/0010.jpg,Guava__Red_Rust,Guava,GourdGuava,True,GourdGuava,0.7259,0.5978,False,uncertain,True,False,False,SAFE_CONFIRMATION_INTERCEPT
Potato__Early_Blight/0001.jpg,Potato__Early_Blight,Potato,Potato,False,Potato,0.9998,0.9997,True,uncertain,True,False,False,SAFE_CONFIRMATION_INTERCEPT
Potato__Early_Blight/0002.jpg,Potato__Early_Blight,Potato,Potato,False,Potato,1.0,1.0,True,uncertain,True,False,False,SAFE_CONFIRMATION_INTERCEPT
Potato__Early_Blight/0003.jpg,Potato__Early_Blight,Potato,Potato,False,Potato,1.0,1.0,True,uncertain,True,False,False,SAFE_CONFIRMATION_INTERCEPT
Potato__Early_Blight/0004.jpg,Potato__Early_Blight,Potato,Potato,False,Potato,0.9844,0.9742,True,uncertain,True,False,False,SAFE_CONFIRMATION_INTERCEPT
Potato__Early_Blight/0005.jpg,Potato__Early_Blight,Potato,Potato,False,Potato,1.0,1.0,True,uncertain,True,False,False,SAFE_CONFIRMATION_INTERCEPT
Potato__Early_Blight/0006.jpg,Potato__Early_Blight,Potato,Potato,False,Potato,1.0,1.0,True,uncertain,True,False,False,SAFE_CONFIRMATION_INTERCEPT
Potato__Early_Blight/0007.jpg,Potato__Early_Blight,Potato,Potato,False,Potato,0.9998,0.9997,True,uncertain,True,False,False,SAFE_CONFIRMATION_INTERCEPT
Potato__Early_Blight/0008.jpg,Potato__Early_Blight,Potato,Potato,False,Potato,0.9489,0.9213,True,uncertain,True,False,False,SAFE_CONFIRMATION_INTERCEPT
Potato__Early_Blight/0009.jpg,Potato__Early_Blight,Potato,Potato,False,Potato,0.998,0.9966,True,uncertain,True,False,False,SAFE_CONFIRMATION_INTERCEPT
Potato__Early_Blight/0010.jpg,Potato__Early_Blight,Potato,Potato,False,Potato,0.9994,0.9991,True,uncertain,True,False,False,SAFE_CONFIRMATION_INTERCEPT
Potato__Healthy_Leaf/0001.jpg,Potato__Healthy_Leaf,Potato,Potato,False,Potato,1.0,1.0,True,uncertain,True,False,False,SAFE_CONFIRMATION_INTERCEPT
Potato__Healthy_Leaf/0002.jpg,Potato__Healthy_Leaf,Potato,Potato,False,Potato,1.0,1.0,True,uncertain,True,False,False,SAFE_CONFIRMATION_INTERCEPT
Potato__Healthy_Leaf/0003.jpg,Potato__Healthy_Leaf,Potato,Potato,False,Potato,1.0,1.0,True,uncertain,True,False,False,SAFE_CONFIRMATION_INTERCEPT
Potato__Healthy_Leaf/0004.jpg,Potato__Healthy_Leaf,Potato,Potato,False,Potato,1.0,1.0,True,uncertain,True,False,False,SAFE_CONFIRMATION_INTERCEPT
Potato__Healthy_Leaf/0005.jpg,Potato__Healthy_Leaf,Potato,Potato,False,Potato,1.0,1.0,True,uncertain,True,False,False,SAFE_CONFIRMATION_INTERCEPT
Potato__Healthy_Leaf/0006.jpg,Potato__Healthy_Leaf,Potato,Potato,False,Potato,1.0,1.0,True,uncertain,True,False,False,SAFE_CONFIRMATION_INTERCEPT
Potato__Healthy_Leaf/0007.jpg,Potato__Healthy_Leaf,Potato,Potato,False,Potato,1.0,1.0,True,uncertain,True,False,False,SAFE_CONFIRMATION_INTERCEPT
Potato__Healthy_Leaf/0008.jpg,Potato__Healthy_Leaf,Potato,Potato,False,Potato,1.0,1.0,True,uncertain,True,False,False,SAFE_CONFIRMATION_INTERCEPT
Potato__Healthy_Leaf/0009.jpg,Potato__Healthy_Leaf,Potato,Potato,False,Potato,1.0,1.0,True,uncertain,True,False,False,SAFE_CONFIRMATION_INTERCEPT
Potato__Healthy_Leaf/0010.jpg,Potato__Healthy_Leaf,Potato,Potato,False,Potato,1.0,1.0,True,uncertain,True,False,False,SAFE_CONFIRMATION_INTERCEPT
Potato__Late_Blight/0001.jpg,Potato__Late_Blight,Potato,Potato,False,Potato,0.9807,0.9643,True,uncertain,True,False,False,SAFE_CONFIRMATION_INTERCEPT
Potato__Late_Blight/0002.jpg,Potato__Late_Blight,Potato,Potato,False,Potato,1.0,1.0,True,uncertain,True,False,False,SAFE_CONFIRMATION_INTERCEPT
Potato__Late_Blight/0003.jpg,Potato__Late_Blight,Potato,Potato,False,Potato,1.0,1.0,True,uncertain,True,False,False,SAFE_CONFIRMATION_INTERCEPT
Potato__Late_Blight/0004.jpg,Potato__Late_Blight,Potato,Potato,False,Potato,1.0,1.0,True,uncertain,True,False,False,SAFE_CONFIRMATION_INTERCEPT
Potato__Late_Blight/0005.jpg,Potato__Late_Blight,Potato,Potato,False,Potato,1.0,1.0,True,uncertain,True,False,False,SAFE_CONFIRMATION_INTERCEPT
Potato__Late_Blight/0006.jpg,Potato__Late_Blight,Potato,Potato,False,Potato,0.9998,0.9997,True,uncertain,True,False,False,SAFE_CONFIRMATION_INTERCEPT
Potato__Late_Blight/0007.jpg,Potato__Late_Blight,Potato,Potato,False,Potato,1.0,1.0,True,uncertain,True,False,False,SAFE_CONFIRMATION_INTERCEPT
Potato__Late_Blight/0008.jpg,Potato__Late_Blight,Potato,Potato,False,Potato,0.9998,0.9996,True,uncertain,True,False,False,SAFE_CONFIRMATION_INTERCEPT
Potato__Late_Blight/0009.jpg,Potato__Late_Blight,Potato,Potato,False,Potato,1.0,1.0,True,uncertain,True,False,False,SAFE_CONFIRMATION_INTERCEPT
Potato__Late_Blight/0010.jpg,Potato__Late_Blight,Potato,Potato,False,Potato,0.9679,0.9426,True,uncertain,True,False,False,SAFE_CONFIRMATION_INTERCEPT
Rice__Bacterial_Leaf_Blight/0001.jpg,Rice__Bacterial_Leaf_Blight,Rice,Rice,False,Wheat,1.0,1.0,True,uncertain,True,False,False,SAFE_CONFIRMATION_INTERCEPT
Rice__Bacterial_Leaf_Blight/0002.jpg,Rice__Bacterial_Leaf_Blight,Rice,Rice,False,Wheat,0.9998,0.9996,True,uncertain,True,False,False,SAFE_CONFIRMATION_INTERCEPT
Rice__Bacterial_Leaf_Blight/0003.jpg,Rice__Bacterial_Leaf_Blight,Rice,Rice,False,Wheat,1.0,1.0,True,uncertain,True,False,False,SAFE_CONFIRMATION_INTERCEPT
Rice__Bacterial_Leaf_Blight/0004.jpg,Rice__Bacterial_Leaf_Blight,Rice,Rice,False,Wheat,1.0,1.0,True,uncertain,True,False,False,SAFE_CONFIRMATION_INTERCEPT
Rice__Bacterial_Leaf_Blight/0005.jpg,Rice__Bacterial_Leaf_Blight,Rice,Rice,False,Wheat,0.9988,0.9976,True,uncertain,True,False,False,SAFE_CONFIRMATION_INTERCEPT
Rice__Bacterial_Leaf_Blight/0006.jpg,Rice__Bacterial_Leaf_Blight,Rice,Rice,False,Wheat,0.8968,0.7936,True,uncertain,True,False,False,SAFE_CONFIRMATION_INTERCEPT
Rice__Bacterial_Leaf_Blight/0007.jpg,Rice__Bacterial_Leaf_Blight,Rice,Rice,False,Wheat,0.9995,0.999,True,uncertain,True,False,False,SAFE_CONFIRMATION_INTERCEPT
Rice__Bacterial_Leaf_Blight/0008.jpg,Rice__Bacterial_Leaf_Blight,Rice,Rice,False,Wheat,0.9863,0.9728,True,uncertain,True,False,False,SAFE_CONFIRMATION_INTERCEPT
Rice__Bacterial_Leaf_Blight/0009.jpg,Rice__Bacterial_Leaf_Blight,Rice,Rice,False,Wheat,0.9997,0.9994,True,uncertain,True,False,False,SAFE_CONFIRMATION_INTERCEPT
Rice__Bacterial_Leaf_Blight/0010.jpg,Rice__Bacterial_Leaf_Blight,Rice,Rice,False,Wheat,0.9997,0.9994,True,uncertain,True,False,False,SAFE_CONFIRMATION_INTERCEPT
Rice__Brown_Spot/0001.jpg,Rice__Brown_Spot,Rice,Rice,False,Wheat,0.9977,0.9954,True,uncertain,True,False,False,SAFE_CONFIRMATION_INTERCEPT
Rice__Brown_Spot/0002.jpg,Rice__Brown_Spot,Rice,Rice,False,Wheat,0.9718,0.9436,True,uncertain,True,False,False,SAFE_CONFIRMATION_INTERCEPT
Rice__Brown_Spot/0003.jpg,Rice__Brown_Spot,Rice,Rice,False,Wheat,0.6502,0.3005,True,uncertain,True,False,False,SAFE_CONFIRMATION_INTERCEPT
Rice__Brown_Spot/0004.jpg,Rice__Brown_Spot,Rice,Rice,False,Wheat,0.7168,0.4336,True,uncertain,True,False,False,SAFE_CONFIRMATION_INTERCEPT
Rice__Brown_Spot/0005.jpg,Rice__Brown_Spot,Rice,Rice,False,Wheat,0.8474,0.6948,True,uncertain,True,False,False,SAFE_CONFIRMATION_INTERCEPT
Rice__Brown_Spot/0006.jpg,Rice__Brown_Spot,Rice,Rice,False,Wheat,0.9689,0.9378,True,uncertain,True,False,False,SAFE_CONFIRMATION_INTERCEPT
Rice__Brown_Spot/0007.jpg,Rice__Brown_Spot,Rice,Rice,False,Wheat,0.8444,0.6888,True,uncertain,True,False,False,SAFE_CONFIRMATION_INTERCEPT
Rice__Brown_Spot/0008.jpg,Rice__Brown_Spot,Rice,Rice,False,Corn,0.9568,0.9136,True,uncertain,True,False,False,SAFE_CONFIRMATION_INTERCEPT
Rice__Brown_Spot/0009.jpg,Rice__Brown_Spot,Rice,Rice,False,Wheat,0.5264,0.0528,True,uncertain,True,False,False,SAFE_CONFIRMATION_INTERCEPT
Rice__Brown_Spot/0010.jpg,Rice__Brown_Spot,Rice,Rice,False,Wheat,0.9999,0.9998,True,uncertain,True,False,False,SAFE_CONFIRMATION_INTERCEPT
Rice__Healthy_Leaf/0001.jpg,Rice__Healthy_Leaf,Rice,Rice,False,Wheat,0.8822,0.7648,True,uncertain,True,False,False,SAFE_CONFIRMATION_INTERCEPT
Rice__Healthy_Leaf/0002.jpg,Rice__Healthy_Leaf,Rice,Rice,False,Wheat,0.9994,0.9988,True,uncertain,True,False,False,SAFE_CONFIRMATION_INTERCEPT
Rice__Healthy_Leaf/0003.jpg,Rice__Healthy_Leaf,Rice,Rice,False,Corn,0.8985,0.8022,True,uncertain,True,False,False,SAFE_CONFIRMATION_INTERCEPT
Rice__Healthy_Leaf/0004.jpg,Rice__Healthy_Leaf,Rice,Rice,False,Wheat,0.6523,0.3046,True,uncertain,True,False,False,SAFE_CONFIRMATION_INTERCEPT
Rice__Healthy_Leaf/0005.jpg,Rice__Healthy_Leaf,Rice,Rice,False,Wheat,0.6004,0.201,True,uncertain,True,False,False,SAFE_CONFIRMATION_INTERCEPT
Rice__Healthy_Leaf/0006.jpg,Rice__Healthy_Leaf,Rice,Rice,False,Wheat,0.9982,0.9968,True,uncertain,True,False,False,SAFE_CONFIRMATION_INTERCEPT
Rice__Healthy_Leaf/0007.jpg,Rice__Healthy_Leaf,Rice,Rice,False,Wheat,1.0,1.0,True,uncertain,True,False,False,SAFE_CONFIRMATION_INTERCEPT
Rice__Healthy_Leaf/0008.jpg,Rice__Healthy_Leaf,Rice,Rice,False,Wheat,0.9922,0.9844,True,uncertain,True,False,False,SAFE_CONFIRMATION_INTERCEPT
Rice__Healthy_Leaf/0009.jpg,Rice__Healthy_Leaf,Rice,Rice,False,Corn,0.9544,0.9088,True,uncertain,True,False,False,SAFE_CONFIRMATION_INTERCEPT
Rice__Healthy_Leaf/0010.jpg,Rice__Healthy_Leaf,Rice,Rice,False,Wheat,0.802,0.6041,True,uncertain,True,False,False,SAFE_CONFIRMATION_INTERCEPT
Rice__Leaf_Blast/0001.jpg,Rice__Leaf_Blast,Rice,Rice,False,Wheat,1.0,1.0,True,uncertain,True,False,False,SAFE_CONFIRMATION_INTERCEPT
Rice__Leaf_Blast/0002.jpg,Rice__Leaf_Blast,Rice,Rice,False,Corn,0.63,0.26,True,uncertain,True,False,False,SAFE_CONFIRMATION_INTERCEPT
Rice__Leaf_Blast/0003.jpg,Rice__Leaf_Blast,Rice,Rice,False,Wheat,0.9986,0.9972,True,uncertain,True,False,False,SAFE_CONFIRMATION_INTERCEPT
Rice__Leaf_Blast/0004.jpg,Rice__Leaf_Blast,Rice,Rice,False,Corn,0.5854,0.1709,True,uncertain,True,False,False,SAFE_CONFIRMATION_INTERCEPT
Rice__Leaf_Blast/0005.jpg,Rice__Leaf_Blast,Rice,Rice,False,Wheat,0.8155,0.631,True,uncertain,True,False,False,SAFE_CONFIRMATION_INTERCEPT
Rice__Leaf_Blast/0006.jpg,Rice__Leaf_Blast,Rice,Rice,False,Wheat,0.5736,0.1472,True,uncertain,True,False,False,SAFE_CONFIRMATION_INTERCEPT
Rice__Leaf_Blast/0007.jpg,Rice__Leaf_Blast,Rice,Rice,False,Corn,0.8035,0.607,True,uncertain,True,False,False,SAFE_CONFIRMATION_INTERCEPT
Rice__Leaf_Blast/0008.jpg,Rice__Leaf_Blast,Rice,Rice,False,Wheat,0.962,0.924,True,uncertain,True,False,False,SAFE_CONFIRMATION_INTERCEPT
Rice__Leaf_Blast/0009.jpg,Rice__Leaf_Blast,Rice,Rice,False,Wheat,0.9999,0.9998,True,uncertain,True,False,False,SAFE_CONFIRMATION_INTERCEPT
Rice__Leaf_Blast/0010.jpg,Rice__Leaf_Blast,Rice,Rice,False,Wheat,0.7311,0.4622,True,uncertain,True,False,False,SAFE_CONFIRMATION_INTERCEPT
Rice__Leaf_Scald/0001.jpg,Rice__Leaf_Scald,Rice,Rice,False,Wheat,0.9993,0.9989,True,uncertain,True,False,False,SAFE_CONFIRMATION_INTERCEPT
Rice__Leaf_Scald/0002.jpg,Rice__Leaf_Scald,Rice,Rice,False,Corn,0.9134,0.8354,True,uncertain,True,False,False,SAFE_CONFIRMATION_INTERCEPT
Rice__Leaf_Scald/0003.jpg,Rice__Leaf_Scald,Rice,Rice,False,Wheat,1.0,1.0,True,uncertain,True,False,False,SAFE_CONFIRMATION_INTERCEPT
Rice__Leaf_Scald/0004.jpg,Rice__Leaf_Scald,Rice,Rice,False,Wheat,0.5205,0.1099,True,uncertain,True,False,False,SAFE_CONFIRMATION_INTERCEPT
Rice__Leaf_Scald/0005.jpg,Rice__Leaf_Scald,Rice,Rice,False,Wheat,0.998,0.9962,True,uncertain,True,False,False,SAFE_CONFIRMATION_INTERCEPT
Rice__Leaf_Scald/0006.jpg,Rice__Leaf_Scald,Rice,Rice,False,Wheat,0.9094,0.8188,True,uncertain,True,False,False,SAFE_CONFIRMATION_INTERCEPT
Rice__Leaf_Scald/0007.jpg,Rice__Leaf_Scald,Rice,Rice,False,Wheat,0.9902,0.981,True,uncertain,True,False,False,SAFE_CONFIRMATION_INTERCEPT
Rice__Leaf_Scald/0008.jpg,Rice__Leaf_Scald,Rice,Rice,False,Wheat,0.9989,0.9978,True,uncertain,True,False,False,SAFE_CONFIRMATION_INTERCEPT
Rice__Leaf_Scald/0009.jpg,Rice__Leaf_Scald,Rice,Rice,False,Wheat,0.9994,0.9988,True,uncertain,True,False,False,SAFE_CONFIRMATION_INTERCEPT
Rice__Leaf_Scald/0010.jpg,Rice__Leaf_Scald,Rice,Rice,False,Corn,0.8121,0.6242,True,uncertain,True,False,False,SAFE_CONFIRMATION_INTERCEPT
Rice__Narrow_Brown_Leaf_Spot/0001.jpg,Rice__Narrow_Brown_Leaf_Spot,Rice,Rice,False,Wheat,0.5682,0.1364,True,uncertain,True,False,False,SAFE_CONFIRMATION_INTERCEPT
Rice__Narrow_Brown_Leaf_Spot/0002.jpg,Rice__Narrow_Brown_Leaf_Spot,Rice,Rice,False,Wheat,0.9999,0.9998,True,uncertain,True,False,False,SAFE_CONFIRMATION_INTERCEPT
Rice__Narrow_Brown_Leaf_Spot/0003.jpg,Rice__Narrow_Brown_Leaf_Spot,Rice,Rice,False,Wheat,0.9947,0.9913,True,uncertain,True,False,False,SAFE_CONFIRMATION_INTERCEPT
Rice__Narrow_Brown_Leaf_Spot/0004.jpg,Rice__Narrow_Brown_Leaf_Spot,Rice,Rice,False,Wheat,0.9999,0.9998,True,uncertain,True,False,False,SAFE_CONFIRMATION_INTERCEPT
Rice__Narrow_Brown_Leaf_Spot/0005.jpg,Rice__Narrow_Brown_Leaf_Spot,Rice,Rice,False,Corn,0.9993,0.9986,True,uncertain,True,False,False,SAFE_CONFIRMATION_INTERCEPT
Rice__Narrow_Brown_Leaf_Spot/0006.jpg,Rice__Narrow_Brown_Leaf_Spot,Rice,Rice,False,Wheat,0.9999,0.9998,True,uncertain,True,False,False,SAFE_CONFIRMATION_INTERCEPT
Rice__Narrow_Brown_Leaf_Spot/0007.jpg,Rice__Narrow_Brown_Leaf_Spot,Rice,Rice,False,Wheat,0.8893,0.7786,True,uncertain,True,False,False,SAFE_CONFIRMATION_INTERCEPT
Rice__Narrow_Brown_Leaf_Spot/0008.jpg,Rice__Narrow_Brown_Leaf_Spot,Rice,Rice,False,Wheat,0.882,0.764,True,uncertain,True,False,False,SAFE_CONFIRMATION_INTERCEPT
Rice__Narrow_Brown_Leaf_Spot/0009.jpg,Rice__Narrow_Brown_Leaf_Spot,Rice,Rice,False,Corn,0.7603,0.5207,True,uncertain,True,False,False,SAFE_CONFIRMATION_INTERCEPT
Rice__Narrow_Brown_Leaf_Spot/0010.jpg,Rice__Narrow_Brown_Leaf_Spot,Rice,Rice,False,Wheat,1.0,1.0,True,uncertain,True,False,False,SAFE_CONFIRMATION_INTERCEPT
Rice__Rice_Hispa/0001.jpg,Rice__Rice_Hispa,Rice,Rice,False,Wheat,0.8399,0.6798,True,uncertain,True,False,False,SAFE_CONFIRMATION_INTERCEPT
Rice__Rice_Hispa/0002.jpg,Rice__Rice_Hispa,Rice,Rice,False,Wheat,0.9997,0.9995,True,uncertain,True,False,False,SAFE_CONFIRMATION_INTERCEPT
Rice__Rice_Hispa/0003.jpg,Rice__Rice_Hispa,Rice,Rice,False,Wheat,0.7918,0.5836,True,uncertain,True,False,False,SAFE_CONFIRMATION_INTERCEPT
Rice__Rice_Hispa/0004.jpg,Rice__Rice_Hispa,Rice,Rice,False,Wheat,0.9612,0.9225,True,uncertain,True,False,False,SAFE_CONFIRMATION_INTERCEPT
Rice__Rice_Hispa/0005.jpg,Rice__Rice_Hispa,Rice,Rice,False,Corn,0.6588,0.3435,True,uncertain,True,False,False,SAFE_CONFIRMATION_INTERCEPT
Rice__Rice_Hispa/0006.jpg,Rice__Rice_Hispa,Rice,Rice,False,Wheat,0.587,0.174,True,uncertain,True,False,False,SAFE_CONFIRMATION_INTERCEPT
Rice__Rice_Hispa/0007.jpg,Rice__Rice_Hispa,Rice,Rice,False,Corn,0.9989,0.9978,True,uncertain,True,False,False,SAFE_CONFIRMATION_INTERCEPT
Rice__Rice_Hispa/0008.jpg,Rice__Rice_Hispa,Rice,Rice,False,Wheat,1.0,1.0,True,uncertain,True,False,False,SAFE_CONFIRMATION_INTERCEPT
Rice__Rice_Hispa/0009.jpg,Rice__Rice_Hispa,Rice,Rice,False,Wheat,0.8551,0.7102,True,uncertain,True,False,False,SAFE_CONFIRMATION_INTERCEPT
Rice__Rice_Hispa/0010.jpg,Rice__Rice_Hispa,Rice,Rice,False,Corn,0.7382,0.4765,True,uncertain,True,False,False,SAFE_CONFIRMATION_INTERCEPT
Rice__Sheath_Blight/0001.jpg,Rice__Sheath_Blight,Rice,Rice,False,Wheat,1.0,1.0,True,uncertain,True,False,False,SAFE_CONFIRMATION_INTERCEPT
Rice__Sheath_Blight/0002.jpg,Rice__Sheath_Blight,Rice,Rice,False,Wheat,1.0,1.0,True,uncertain,True,False,False,SAFE_CONFIRMATION_INTERCEPT
Rice__Sheath_Blight/0003.jpg,Rice__Sheath_Blight,Rice,Rice,False,Wheat,0.9998,0.9997,True,uncertain,True,False,False,SAFE_CONFIRMATION_INTERCEPT
Rice__Sheath_Blight/0004.jpg,Rice__Sheath_Blight,Rice,Rice,False,Wheat,0.6193,0.2396,True,uncertain,True,False,False,SAFE_CONFIRMATION_INTERCEPT
Rice__Sheath_Blight/0005.jpg,Rice__Sheath_Blight,Rice,Rice,False,Wheat,0.8689,0.7493,True,uncertain,True,False,False,SAFE_CONFIRMATION_INTERCEPT
Rice__Sheath_Blight/0006.jpg,Rice__Sheath_Blight,Rice,Rice,False,Wheat,0.6952,0.4121,True,uncertain,True,False,False,SAFE_CONFIRMATION_INTERCEPT
Rice__Sheath_Blight/0007.jpg,Rice__Sheath_Blight,Rice,Rice,False,Brassica,0.3989,0.0377,False,out_of_distribution,False,False,False,SAFE_OOD_HALT
Rice__Sheath_Blight/0008.jpg,Rice__Sheath_Blight,Rice,Rice,False,Wheat,0.9954,0.9921,True,uncertain,True,False,False,SAFE_CONFIRMATION_INTERCEPT
Rice__Sheath_Blight/0009.jpg,Rice__Sheath_Blight,Rice,Rice,False,Wheat,0.9997,0.9994,True,uncertain,True,False,False,SAFE_CONFIRMATION_INTERCEPT
Rice__Sheath_Blight/0010.jpg,Rice__Sheath_Blight,Rice,Rice,False,Wheat,0.999,0.998,True,uncertain,True,False,False,SAFE_CONFIRMATION_INTERCEPT
Tomato__Bacterial_Spot/0001.jpg,Tomato__Bacterial_Spot,Tomato,Solanacea,False,Solanacea,0.7322,0.4645,True,uncertain,True,False,False,SAFE_CONFIRMATION_INTERCEPT
Tomato__Bacterial_Spot/0002.jpg,Tomato__Bacterial_Spot,Tomato,Solanacea,False,Potato,0.965,0.93,True,uncertain,True,False,False,SAFE_CONFIRMATION_INTERCEPT
Tomato__Bacterial_Spot/0003.jpg,Tomato__Bacterial_Spot,Tomato,Solanacea,False,Solanacea,0.6165,0.2544,True,uncertain,True,False,False,SAFE_CONFIRMATION_INTERCEPT
Tomato__Bacterial_Spot/0004.jpg,Tomato__Bacterial_Spot,Tomato,Solanacea,False,Solanacea,0.9593,0.9254,True,uncertain,True,False,False,SAFE_CONFIRMATION_INTERCEPT
Tomato__Bacterial_Spot/0005.jpg,Tomato__Bacterial_Spot,Tomato,Solanacea,False,Potato,0.4587,0.1609,True,uncertain,True,False,False,SAFE_CONFIRMATION_INTERCEPT
Tomato__Bacterial_Spot/0006.jpg,Tomato__Bacterial_Spot,Tomato,Solanacea,False,Solanacea,0.9986,0.9972,True,uncertain,True,False,False,SAFE_CONFIRMATION_INTERCEPT
Tomato__Bacterial_Spot/0007.jpg,Tomato__Bacterial_Spot,Tomato,Solanacea,False,Wheat,0.6438,0.4168,True,uncertain,True,False,False,SAFE_CONFIRMATION_INTERCEPT
Tomato__Bacterial_Spot/0008.jpg,Tomato__Bacterial_Spot,Tomato,Solanacea,False,Potato,1.0,1.0,True,uncertain,True,False,False,SAFE_CONFIRMATION_INTERCEPT
Tomato__Bacterial_Spot/0009.jpg,Tomato__Bacterial_Spot,Tomato,Solanacea,False,Potato,0.8466,0.7423,True,uncertain,True,False,False,SAFE_CONFIRMATION_INTERCEPT
Tomato__Bacterial_Spot/0010.jpg,Tomato__Bacterial_Spot,Tomato,Solanacea,False,Potato,0.9995,0.9991,True,uncertain,True,False,False,SAFE_CONFIRMATION_INTERCEPT
Tomato__Early_Blight/0001.jpg,Tomato__Early_Blight,Tomato,Solanacea,False,Solanacea,0.8799,0.7931,True,uncertain,True,False,False,SAFE_CONFIRMATION_INTERCEPT
Tomato__Early_Blight/0002.jpg,Tomato__Early_Blight,Tomato,Solanacea,False,Solanacea,0.9861,0.9735,True,uncertain,True,False,False,SAFE_CONFIRMATION_INTERCEPT
Tomato__Early_Blight/0003.jpg,Tomato__Early_Blight,Tomato,Solanacea,False,Potato,1.0,1.0,True,uncertain,True,False,False,SAFE_CONFIRMATION_INTERCEPT
Tomato__Early_Blight/0004.jpg,Tomato__Early_Blight,Tomato,Solanacea,False,GourdGuava,0.9945,0.989,False,no_disease_model,False,False,False,SAFE_ABSTAIN
Tomato__Early_Blight/0005.jpg,Tomato__Early_Blight,Tomato,Solanacea,False,Potato,0.7121,0.4259,True,uncertain,True,False,False,SAFE_CONFIRMATION_INTERCEPT
Tomato__Early_Blight/0006.jpg,Tomato__Early_Blight,Tomato,Solanacea,False,GourdGuava,0.8816,0.7634,False,uncertain,True,False,False,SAFE_CONFIRMATION_INTERCEPT
Tomato__Early_Blight/0007.jpg,Tomato__Early_Blight,Tomato,Solanacea,False,Solanacea,0.6089,0.2242,True,uncertain,True,False,False,SAFE_CONFIRMATION_INTERCEPT
Tomato__Early_Blight/0008.jpg,Tomato__Early_Blight,Tomato,Solanacea,False,Potato,1.0,1.0,True,uncertain,True,False,False,SAFE_CONFIRMATION_INTERCEPT
Tomato__Early_Blight/0009.jpg,Tomato__Early_Blight,Tomato,Solanacea,False,Potato,0.7877,0.6891,True,uncertain,True,False,False,SAFE_CONFIRMATION_INTERCEPT
Tomato__Early_Blight/0010.jpg,Tomato__Early_Blight,Tomato,Solanacea,False,Potato,0.9999,0.9998,True,uncertain,True,False,False,SAFE_CONFIRMATION_INTERCEPT
Tomato__Healthy_Leaf/0001.jpg,Tomato__Healthy_Leaf,Tomato,Solanacea,False,Solanacea,0.9998,0.9996,True,uncertain,True,False,False,SAFE_CONFIRMATION_INTERCEPT
Tomato__Healthy_Leaf/0002.jpg,Tomato__Healthy_Leaf,Tomato,Solanacea,False,Potato,1.0,1.0,True,uncertain,True,False,False,SAFE_CONFIRMATION_INTERCEPT
Tomato__Healthy_Leaf/0003.jpg,Tomato__Healthy_Leaf,Tomato,Solanacea,False,Wheat,0.9908,0.9881,True,uncertain,True,False,False,SAFE_CONFIRMATION_INTERCEPT
Tomato__Healthy_Leaf/0004.jpg,Tomato__Healthy_Leaf,Tomato,Solanacea,False,Wheat,0.9994,0.9988,True,uncertain,True,False,False,SAFE_CONFIRMATION_INTERCEPT
Tomato__Healthy_Leaf/0005.jpg,Tomato__Healthy_Leaf,Tomato,Solanacea,False,Brassica,0.4677,0.0768,False,uncertain,True,False,False,SAFE_CONFIRMATION_INTERCEPT
Tomato__Healthy_Leaf/0006.jpg,Tomato__Healthy_Leaf,Tomato,Solanacea,False,Potato,0.9747,0.9547,True,uncertain,True,False,False,SAFE_CONFIRMATION_INTERCEPT
Tomato__Healthy_Leaf/0007.jpg,Tomato__Healthy_Leaf,Tomato,Solanacea,False,Solanacea,0.8489,0.7706,True,uncertain,True,False,False,SAFE_CONFIRMATION_INTERCEPT
Tomato__Healthy_Leaf/0008.jpg,Tomato__Healthy_Leaf,Tomato,Solanacea,False,Potato,0.9999,0.9998,True,uncertain,True,False,False,SAFE_CONFIRMATION_INTERCEPT
Tomato__Healthy_Leaf/0009.jpg,Tomato__Healthy_Leaf,Tomato,Solanacea,False,Potato,0.9863,0.9727,True,uncertain,True,False,False,SAFE_CONFIRMATION_INTERCEPT
Tomato__Healthy_Leaf/0010.jpg,Tomato__Healthy_Leaf,Tomato,Solanacea,False,GourdGuava,0.7302,0.6197,False,uncertain,True,False,False,SAFE_CONFIRMATION_INTERCEPT
Tomato__Late_Blight/0001.jpg,Tomato__Late_Blight,Tomato,Solanacea,False,GourdGuava,0.8825,0.7696,False,uncertain,True,False,False,SAFE_CONFIRMATION_INTERCEPT
Tomato__Late_Blight/0002.jpg,Tomato__Late_Blight,Tomato,Solanacea,False,Potato,1.0,1.0,True,uncertain,True,False,False,SAFE_CONFIRMATION_INTERCEPT
Tomato__Late_Blight/0003.jpg,Tomato__Late_Blight,Tomato,Solanacea,False,Solanacea,0.9994,0.9988,True,uncertain,True,False,False,SAFE_CONFIRMATION_INTERCEPT
Tomato__Late_Blight/0004.jpg,Tomato__Late_Blight,Tomato,Solanacea,False,Potato,1.0,1.0,True,uncertain,True,False,False,SAFE_CONFIRMATION_INTERCEPT
Tomato__Late_Blight/0005.jpg,Tomato__Late_Blight,Tomato,Solanacea,False,Potato,0.9941,0.9885,True,uncertain,True,False,False,SAFE_CONFIRMATION_INTERCEPT
Tomato__Late_Blight/0006.jpg,Tomato__Late_Blight,Tomato,Solanacea,False,Brassica,0.4721,0.2227,False,uncertain,True,False,False,SAFE_CONFIRMATION_INTERCEPT
Tomato__Late_Blight/0007.jpg,Tomato__Late_Blight,Tomato,Solanacea,False,Potato,0.8241,0.6486,True,uncertain,True,False,False,SAFE_CONFIRMATION_INTERCEPT
Tomato__Late_Blight/0008.jpg,Tomato__Late_Blight,Tomato,Solanacea,False,Potato,0.9981,0.9965,True,uncertain,True,False,False,SAFE_CONFIRMATION_INTERCEPT
Tomato__Late_Blight/0009.jpg,Tomato__Late_Blight,Tomato,Solanacea,False,Potato,0.9919,0.9839,True,uncertain,True,False,False,SAFE_CONFIRMATION_INTERCEPT
Tomato__Late_Blight/0010.jpg,Tomato__Late_Blight,Tomato,Solanacea,False,Potato,0.8891,0.7785,True,uncertain,True,False,False,SAFE_CONFIRMATION_INTERCEPT
Tomato__Mosaic_Virus/0001.jpg,Tomato__Mosaic_Virus,Tomato,Solanacea,False,Potato,0.6596,0.3314,True,uncertain,True,False,False,SAFE_CONFIRMATION_INTERCEPT
Tomato__Mosaic_Virus/0002.jpg,Tomato__Mosaic_Virus,Tomato,Solanacea,False,Potato,0.9608,0.9253,True,uncertain,True,False,False,SAFE_CONFIRMATION_INTERCEPT
Tomato__Mosaic_Virus/0003.jpg,Tomato__Mosaic_Virus,Tomato,Solanacea,False,Potato,0.9975,0.9951,True,uncertain,True,False,False,SAFE_CONFIRMATION_INTERCEPT
Tomato__Mosaic_Virus/0004.jpg,Tomato__Mosaic_Virus,Tomato,Solanacea,False,GourdGuava,0.7555,0.5509,False,uncertain,True,False,False,SAFE_CONFIRMATION_INTERCEPT
Tomato__Mosaic_Virus/0005.jpg,Tomato__Mosaic_Virus,Tomato,Solanacea,False,Solanacea,0.505,0.0119,True,uncertain,True,False,False,SAFE_CONFIRMATION_INTERCEPT
Tomato__Mosaic_Virus/0006.jpg,Tomato__Mosaic_Virus,Tomato,Solanacea,False,Potato,0.9717,0.9436,True,uncertain,True,False,False,SAFE_CONFIRMATION_INTERCEPT
Tomato__Mosaic_Virus/0007.jpg,Tomato__Mosaic_Virus,Tomato,Solanacea,False,Potato,0.9609,0.9227,True,uncertain,True,False,False,SAFE_CONFIRMATION_INTERCEPT
Tomato__Mosaic_Virus/0008.jpg,Tomato__Mosaic_Virus,Tomato,Solanacea,False,Solanacea,1.0,1.0,True,uncertain,True,False,False,SAFE_CONFIRMATION_INTERCEPT
Tomato__Mosaic_Virus/0009.jpg,Tomato__Mosaic_Virus,Tomato,Solanacea,False,Wheat,0.4552,0.1793,True,uncertain,True,False,False,SAFE_CONFIRMATION_INTERCEPT
Cauliflower__Bacterial_Spot/0001.png,Cauliflower__Bacterial_Spot,Cauliflower,Brassica,False,Brassica,0.9959,0.9932,False,diagnosed,False,False,True,SAFE_DIRECT_AUTO
Cauliflower__Bacterial_Spot/0002.png,Cauliflower__Bacterial_Spot,Cauliflower,Brassica,False,Brassica,1.0,1.0,False,diagnosed,False,False,True,SAFE_DIRECT_AUTO
Cauliflower__Bacterial_Spot/0004.png,Cauliflower__Bacterial_Spot,Cauliflower,Brassica,False,Brassica,1.0,1.0,False,diagnosed,False,False,True,SAFE_DIRECT_AUTO
Cauliflower__Healthy/0001.png,Cauliflower__Healthy,Cauliflower,Brassica,False,Brassica,1.0,1.0,False,diagnosed,False,False,True,SAFE_DIRECT_AUTO
Cauliflower__Healthy/0005.png,Cauliflower__Healthy,Cauliflower,Brassica,False,Brassica,1.0,1.0,False,diagnosed,False,False,True,SAFE_DIRECT_AUTO
Gourd__Downy_Mildew/0001.png,Gourd__Downy_Mildew,Gourd,GourdGuava,True,GourdGuava,0.9317,0.8634,False,no_disease_model,False,False,False,SAFE_ABSTAIN
Gourd__Downy_Mildew/0002.png,Gourd__Downy_Mildew,Gourd,GourdGuava,True,GourdGuava,1.0,1.0,False,no_disease_model,False,False,False,SAFE_ABSTAIN
Gourd__Downy_Mildew/0005.png,Gourd__Downy_Mildew,Gourd,GourdGuava,True,GourdGuava,1.0,1.0,False,no_disease_model,False,False,False,SAFE_ABSTAIN
Gourd__Downy_Mildew/0007.png,Gourd__Downy_Mildew,Gourd,GourdGuava,True,Solanacea,0.6493,0.2987,True,uncertain,True,False,False,SAFE_CONFIRMATION_INTERCEPT
Gourd__Healthy_Leaf/0001.png,Gourd__Healthy_Leaf,Gourd,GourdGuava,True,GourdGuava,1.0,1.0,False,no_disease_model,False,False,False,SAFE_ABSTAIN
Gourd__Healthy_Leaf/0002.png,Gourd__Healthy_Leaf,Gourd,GourdGuava,True,GourdGuava,1.0,1.0,False,no_disease_model,False,False,False,SAFE_ABSTAIN
Gourd__Healthy_Leaf/0004.png,Gourd__Healthy_Leaf,Gourd,GourdGuava,True,GourdGuava,1.0,1.0,False,no_disease_model,False,False,False,SAFE_ABSTAIN
Gourd__Healthy_Leaf/0005.png,Gourd__Healthy_Leaf,Gourd,GourdGuava,True,GourdGuava,0.974,0.9485,False,no_disease_model,False,False,False,SAFE_ABSTAIN
Gourd__Healthy_Leaf/0006.png,Gourd__Healthy_Leaf,Gourd,GourdGuava,True,GourdGuava,1.0,1.0,False,no_disease_model,False,False,False,SAFE_ABSTAIN
Gourd__Healthy_Leaf/0007.png,Gourd__Healthy_Leaf,Gourd,GourdGuava,True,GourdGuava,1.0,1.0,False,no_disease_model,False,False,False,SAFE_ABSTAIN
Gourd__Healthy_Leaf/0008.png,Gourd__Healthy_Leaf,Gourd,GourdGuava,True,GourdGuava,1.0,1.0,False,no_disease_model,False,False,False,SAFE_ABSTAIN
Gourd__Mosaic_Virus/0002.png,Gourd__Mosaic_Virus,Gourd,GourdGuava,True,GourdGuava,1.0,1.0,False,no_disease_model,False,False,False,SAFE_ABSTAIN
Gourd__Mosaic_Virus/0003.png,Gourd__Mosaic_Virus,Gourd,GourdGuava,True,GourdGuava,1.0,1.0,False,no_disease_model,False,False,False,SAFE_ABSTAIN
